ID,YearsExperience,Salary
0,1.2000000000000002,39344
1,1.4,46206
2,1.6,37732
3,2.1,43526
4,2.3000000000000003,39892
5,3,56643
6,3.1,60151
7,3.3000000000000003,54446
8,3.3000000000000003,64446
9,3.8,57190
10,4,63219
11,4.1,55795
12,4.1,56958
13,4.199999999999999,57082
14,4.6,61112
15,5,67939
16,5.199999999999999,66030
17,5.4,83089
18,6,81364
19,6.1,93941
20,6.9,91739
21,7.199999999999999,98274
22,8,101303
23,8.299999999999999,113813
24,8.799999999999999,109432
25,9.1,105583
26,9.6,116970
27,9.7,112636
28,10.4,122392
29,10.6,121873
30,5.1,69829.5
31,11.5,136437.9
32,9.1,112679.3
33,7.6,98524.7
34,2.7,50970.7
35,2.7,50301.8
36,1.6,53691.8
37,10.5,130959.2
38,7.6,100825.9
39,8.8,108527.2
40,1.2,42070
41,11.7,138016.5
42,10.2,120976.7
43,3.3,54673.2
44,3,52746.3
45,3,35633.8
46,4.3,67101.7
47,6.8,86114.8
48,5.8,88104.9
49,4.2,64679.5
50,7.7,91251.3
51,2.5,48519.6
52,4.2,58816.5
53,5,75028.6
54,6,83333.4
55,9.6,121273.1
56,3.2,50631.5
57,6.7,87942.8
58,7.5,88246.1
59,1.5,43049.4
60,7.7,100353.7
61,2.9,54796.6
62,1.7,41069.3
63,11.4,135253.8
64,11.6,143646.7
65,9.9,116736.5
66,4.4,66737.9
67,2.1,38377.5
68,8.5,100568.5
69,5.8,80598.8
70,2.3,53157.2
71,6.4,84338.4
72,1.4,36553.6
73,11,126546.3
74,3.8,58207.8
75,8.3,104816.6
76,4.4,58327.7
77,6.7,95522.1
78,7,87407.4
79,3,57550.6
80,11.7,127984.2
81,9.5,118613.1
82,11.3,135716.2
83,10.8,129463.5
84,7.6,90888.7
85,11.1,131522.1
86,2,36881.2
87,3.2,53257
88,1.5,44756
89,4.6,72571.3
90,5.3,74785.9
91,4,57053.6
92,10.1,124055.2
93,4.9,71490.9
94,4.1,50525.9
95,7,95087.7
96,2.6,48811.7
97,9.8,124410.3
98,1.8,35922.9
99,11.9,119120.4
100,9.5,116133.3
101,3.2,56585
102,1.1,25417.9
103,10,113593.2
104,8.8,123183
105,9,108369.1
106,9.5,118558.9
107,1.8,38356.6
108,4.9,59871.5
109,2.3,45390.6
110,10.5,122532.1
111,7.9,96853.6
112,4.6,68053.8
113,1.7,42382.8
114,4.4,65785.2
115,4.6,61032.5
116,9,112859.2
117,8,89671
118,10.8,115057.9
119,6.2,87518.2
120,2.3,49565.2
121,8.8,108118.7
122,9.4,105578
123,7.2,88684
124,9.5,112970.6
125,6.4,76703.7
126,6.8,84503.3
127,5.7,82388.7
128,1.3,44922
129,2.2,43167.9
130,1.3,41795.5
131,8,89749.2
132,4.5,70663
133,6.6,82668.1
134,11,130358
135,3.7,58826.5
136,5.5,84341.1
137,9.3,107947.5
138,3.5,61591.2
139,1.8,40737.2
140,4.2,63532.4
141,2.8,50028.9
142,11.2,126210.8
143,9.9,118223.1
144,8,99789.9
145,10.6,126235.1
146,9.8,118312.1
147,3.1,58154.5
148,10.8,132243.6
149,6.9,84487.4
150,9.9,123089.4
151,10.9,120812.4
152,4.5,70641.8
153,2.2,49203.6
154,3.5,47303.8
155,5.7,79215.8
156,10,116710.6
157,10.5,119527.7
158,1.1,42574.9
159,6.6,83734.7
160,5.6,73178.6
161,3.4,57809.5
162,2.3,50592
163,4.7,68601
164,11.4,138835.6
165,4.6,70864.2
166,6.7,76045.6
167,8.7,104415.9
168,5,68955.5
169,11.7,137995.1
170,11.6,119666.1
171,3.8,74725
172,6.5,88956.4
173,4.3,66406.9
174,4.1,70514.6
175,1.4,51238.3
176,7.7,102531.4
177,6.5,91857.2
178,1.6,40380.2
179,4.1,62471.9
180,11,126051.3
181,3.6,54580.9
182,2.6,45518.1
183,6.4,77624.2
184,11.8,136331.8
185,3.7,50039
186,8.4,105234
187,9.4,113265
188,3.6,59822.1
189,9,107076.1
190,5,89735
191,8,107631.9
192,8,93193.8
193,6.9,91293.9
194,2,40283.7
195,10.2,115454.5
196,4.5,60149.4
197,3.1,56103.7
198,1.4,34726.4
199,7.5,101133.3
200,8.5,110287.9
201,1.2,43705.4
202,6.6,82763.4
203,3.5,60500.6
204,8.1,104900.3
205,2.9,49771.9
206,8.6,101805.1
207,5.3,83499.6
208,11.3,132943
209,2.5,52149.8
210,4.8,65154.8
211,2.2,39275.4
212,11.2,127235.3
213,10.7,124803.7
214,3.8,55159.9
215,8.3,102848.2
216,10,109805.9
217,7.1,85747.7
218,6.8,93106.9
219,3.7,62815
220,2,41784.8
221,10.9,121872
222,10.9,122150.9
223,8,98021.4
224,4.7,73144.3
225,4.8,75789.1
226,9,106984.3
227,10.9,121102
228,10.8,128008.2
229,9.6,110760.6
230,8.1,98139
231,1.9,50455.5
232,2.8,55724.7
233,10.9,128585.9
234,7.7,90223.6
235,1.1,36436.3
236,2.1,50788.5
237,8.3,101168.3
238,1.1,42379.8
239,2.8,58243.2
240,7,100642.5
241,8.6,107927.3
242,8.2,105354
243,3.5,65519
244,8.8,110830.7
245,3.6,56157.2
246,4.6,65615
247,9.2,113229.6
248,8.1,94610.3
249,10.3,121773.5
250,8.2,108788.7
251,7.3,81120
252,2,52616.5
253,5,78798.4
254,3.9,59294.8
255,3.7,62699.4
256,11.7,135459.8
257,5.3,82038.7
258,10.8,132521.2
259,7.9,92075.5
260,9.7,120202.4
261,6.5,85397.2
262,7.3,94730.3
263,6.4,81423.2
264,3.1,64369.2
265,8.9,115212.8
266,4.1,59347.5
267,1.3,29362.6
268,8.1,99238
269,2.9,55138.5
270,11.3,133401.7
271,11.5,140466.2
272,11.1,133815.2
273,5.1,78197.9
274,1.2,37732.7
275,11.2,123027.5
276,5.7,77713.4
277,11.6,140709.6
278,11.6,134177.9
279,10.4,125781.4
280,4.2,63123.5
281,5.2,68570.2
282,10.4,122083.7
283,4.5,68970.3
284,2.9,48250.2
285,7.1,90859.3
286,11.3,126357.5
287,8.7,112909
288,7.3,91909.2
289,2.1,52523.5
290,7.8,106776.7
291,11.9,136760.6
292,2.5,43220.5
293,6.7,76513.9
294,10.7,117269
295,9.1,103618.2
296,8.7,114461.1
297,8.7,107968.8
298,5,73845.8
299,4.2,52400.2
300,9.9,111731.8
301,9.9,123469.7
302,10.5,126033.6
303,11,128405.9
304,6.6,90610.6
305,6.5,95578
306,9.8,116044.5
307,8.1,102249.5
308,8.7,108344.3
309,9.8,130397.2
310,10.8,115074.1
311,4.7,73253.2
312,5.1,72697.9
313,2,47237
314,7.4,90734.1
315,1.4,37760.5
316,6.1,86675.1
317,7,108113.3
318,4.2,68602.6
319,7.5,90972.6
320,1.3,35099
321,1.4,35645
322,10,109765.8
323,5,69893.9
324,2.4,51604.1
325,6.7,81459.6
326,9.5,120201.8
327,3.4,59460.3
328,7.9,94941.5
329,1.9,42378.6
330,1.6,48608.3
331,6.8,93634.3
332,6.9,90546.1
333,8,99229.6
334,9,110203.4
335,11.7,132875.8
336,6.7,76197.5
337,4.6,79289.3
338,9.7,117826
339,4,64677.5
340,5.8,79605.2
341,1.9,38342.9
342,1.3,35893.7
343,11.6,125421.2
344,10.2,133931.5
345,8.7,99740.9
346,5.5,71037.8
347,2.9,49850.1
348,2.7,57762.7
349,3.8,60391.9
350,7,84477.5
351,8.9,115594.4
352,8.3,107013.2
353,4.1,66408.1
354,11.5,137558.4
355,9.1,124391.6
356,7.1,104142.2
357,7.7,94046.1
358,5.6,86996.2
359,3.7,62192.4
360,4.9,74092.3
361,9.3,103612.7
362,1.2,34841.6
363,2.3,41818.5
364,1.5,43710.7
365,1.4,44521.4
366,10.4,111622.3
367,8.7,107319.9
368,6.2,89861.8
369,2.1,43424.1
370,6.4,89478.4
371,6.2,85479.1
372,2.9,54213
373,5.8,77879.6
374,5.4,68919.4
375,7.8,92043.9
376,8,104282.6
377,1.5,39116.3
378,5.1,72464.4
379,7.9,96985.6
380,6.5,84892.3
381,10.4,129184.3
382,8.2,100894.4
383,2.8,43735.8
384,1.8,45792.3
385,8.1,99931.7
386,1.3,37229.6
387,7.4,104178.9
388,11.3,131919.7
389,7.3,95735.6
390,5.3,68055.7
391,8.1,99939.3
392,6,85341.8
393,7,82317.1
394,11.4,133286.1
395,5.2,74997
396,11.6,134444.4
397,11,134208.8
398,3.2,56520.8
399,1.8,49773.7
400,2.1,39217.8
401,1.2,36952.4
402,2,44587.8
403,8.5,99317.1
404,1.8,47045.8
405,4.5,80455.2
406,10.3,122027.5
407,1.3,39541.4
408,10,119434.4
409,4.1,59606.4
410,2.3,36399.6
411,8.7,102777
412,7.9,91892.6
413,10.7,135040.4
414,9.1,110064.8
415,9.8,115885.3
416,4.1,68587.7
417,3,46470
418,9.3,108035.9
419,9.9,118548.9
420,11.9,143013.7
421,5.5,79995
422,5.1,74357.9
423,9.5,115442.8
424,4.7,71962.7
425,11.2,132177.6
426,10.4,117770.1
427,5.7,79149.6
428,9.3,106346.8
429,9.3,113186
430,2.1,42330
431,10.9,142318.5
432,6.6,86595.8
433,10.1,112355.5
434,4.5,66816.8
435,10.9,130291.7
436,5.3,84113
437,1.1,32128.5
438,11,119563.2
439,2,48355.2
440,4.5,59770.3
441,11.5,130617.7
442,11.5,131672.7
443,7.3,93517.4
444,8,103831.2
445,5.9,77091
446,4.2,63246.6
447,4.6,68382.9
448,8.4,105042.7
449,9.3,113054.2
450,9.7,119020.6
451,9.7,121097.4
452,2,45974.6
453,6.4,88229.4
454,1.6,31433.5
455,7,91702.3
456,5.9,82876.5
457,10.8,130650.9
458,4.9,66904
459,2.3,42781.9
460,2.6,45951.7
461,9.4,116456.5
462,7.8,104343.2
463,2.1,42531.3
464,1.9,48118.4
465,8.7,107854.1
466,1.8,41166.8
467,10,118548.1
468,8.8,111886.8
469,1.9,44575
470,1.9,55843.5
471,11.9,132093.2
472,5.1,76100.7
473,5.1,69866.9
474,9.9,113927.2
475,11.4,132703.5
476,11.8,137560.6
477,9.3,128930
478,5.1,72380.4
479,1.9,36658
480,9.5,116608.9
481,7.1,80742.6
482,5.7,77881.6
483,11,128602.9
484,2.2,50300.5
485,6.4,90950.9
486,1.1,32662.4
487,6.2,82173
488,1.6,35866.7
489,2.3,40341.1
490,2.3,48247.9
491,8.1,94661.3
492,9.2,109530.6
493,7.4,89374
494,11.6,137389.4
495,5.1,83339.5
496,4.1,56719.3
497,10.6,114226.5
498,3.5,56842.5
499,11.6,134512.5
500,1.1,36784.4
501,11.7,132620.8
502,1.5,37662.6
503,10.8,128987.2
504,6.8,94970.6
505,11.9,126583.7
506,1.8,39906.2
507,7.1,93066.7
508,11.7,129923.4
509,6.8,98354.7
510,7.9,96170.6
511,8.7,106390
512,6,84656.8
513,7.9,96226.1
514,7.4,84711.3
515,10.9,125576.1
516,1.5,44779
517,4.1,61620.2
518,11.5,128359.7
519,10.8,132017.1
520,6,79813.8
521,7.8,95907.8
522,4.1,63967.6
523,3.1,58163.3
524,6.1,95818
525,4.9,75654.9
526,7.4,101454.8
527,1.9,39549.3
528,11.7,129849.4
529,11.8,137162.9
530,8.7,107471.1
531,6.9,83994.1
532,4.4,65493.2
533,10,121124.8
534,8.5,107491
535,2.8,54022.1
536,11,130615.7
537,10,116965.3
538,11.4,130155.7
539,9,103031.8
540,7.7,108042.9
541,5.6,77849.6
542,11.3,129997.5
543,10.5,119131.3
544,1.5,55414.9
545,1.3,31036.9
546,5.1,71033.2
547,9.9,120880.2
548,11.9,140281.5
549,2.7,55290.7
550,7.5,106166
551,5.2,76722.1
552,11.7,129215
553,10.3,120399.2
554,10.2,123163.5
555,6.2,94584.2
556,5.6,69601.9
557,4,69443.6
558,1.6,41164.5
559,10.5,128870.9
560,9.9,118228.5
561,12,133507.5
562,12,142097
563,7.1,95694.6
564,9.5,119669.8
565,11.4,132431.7
566,10.3,119264.4
567,3.7,51293.1
568,6,85714
569,2.4,50094.6
570,11.5,128070.6
571,7.7,94298
572,3.5,55455.3
573,8.4,95828.2
574,7.8,93979.8
575,4.9,65188.6
576,2.2,43795.8
577,8.4,99977.1
578,6.7,79285.6
579,9.5,125890.7
580,6.7,95373.2
581,10.4,118525.7
582,7.1,93192
583,7.2,94941.9
584,10.6,132086.5
585,5.4,71662.4
586,2.5,54336.1
587,1.3,34226.2
588,9.3,105324.1
589,7.8,102828.5
590,8.7,114704.9
591,3.3,70907.4
592,2.5,41765
593,1.2,39718.5
594,4.9,68450
595,7.5,100000.4
596,5.3,66848.7
597,5.8,72712
598,10.9,123946.3
599,4.8,70940.7
600,6.7,84142.2
601,9.6,119444
602,5.4,81261
603,7.8,102316.7
604,10.5,132992.8
605,11.4,135325.7
606,2.6,42781.4
607,11.2,138240.6
608,6.4,82069.4
609,3.8,66233.6
610,6.1,90825.5
611,11.8,138725.9
612,6.4,77139
613,4.6,63337.1
614,8,107536.7
615,3.6,58315.5
616,1.8,42629.1
617,2.4,51938.5
618,2.4,51502.3
619,2.7,51647.4
620,2.5,47562.3
621,8,99168.4
622,3,58001.9
623,4.8,73325.7
624,10.9,126080.1
625,6.2,89617.5
626,8.3,102968.9
627,2.9,47448.2
628,3.1,50042.3
629,1.4,33073.3
630,2.9,50335.6
631,4.1,70156.5
632,2.9,48196.2
633,2,44572.7
634,2.3,43166
635,6.1,80740.3
636,3.3,47302.2
637,5,70930.6
638,6.5,85545
639,8.6,109085.7
640,1.4,39633.2
641,9.8,110695.1
642,7.9,105631
643,1.9,43973
644,10.6,126215.7
645,11.1,129971.1
646,1.7,37751.9
647,4,64297.4
648,9.9,120761.9
649,9.2,102310.7
650,3,50466.3
651,3.3,54634.3
652,5.1,74241.1
653,6.3,91337.2
654,7.8,94249.9
655,5.1,69861.9
656,6.1,79512.3
657,9.2,107515.3
658,1.4,36169.9
659,3.8,64849.2
660,8.8,102557.4
661,10.8,129746.9
662,6.6,77969.7
663,6.9,86472.1
664,2.2,43596.1
665,5.9,90172.4
666,6.9,88126.8
667,3.7,47193.4
668,4,51108
669,5.2,73707
670,1.2,39816.8
671,4.5,69877.7
672,3.3,57215.1
673,4.6,74840.8
674,2.3,43730
675,10.8,131872.5
676,7.5,86875.5
677,8.5,99830
678,9.7,106227.1
679,6.5,84574.1
680,2,43074.8
681,6.9,90768.2
682,7.5,95646.1
683,9.2,106599.4
684,5.7,78105.1
685,2.4,39186.3
686,4.1,71419.8
687,5,70342.5
688,8.1,98707.1
689,7.3,102515.7
690,4.9,64367.6
691,11.9,130551.7
692,7.7,91138.1
693,3.6,58578.2
694,2.1,47292.1
695,2.7,54324.1
696,3.7,74248.1
697,2.8,38422
698,3.1,57095.8
699,4.1,60818.2
700,2.9,49041
701,10.9,124050.7
702,1.9,37556.5
703,6.8,98240.8
704,5.5,81668.9
705,11.8,136545.7
706,2.2,53499.5
707,5.4,67197
708,11.7,127632.8
709,10.5,112088
710,10,115321.3
711,3.8,62011.3
712,2.9,52637
713,8.4,104638.5
714,11.2,123015.7
715,7.1,96664.7
716,7.3,95057.1
717,4.1,67501.1
718,9.5,103702.2
719,3.1,55483.1
720,4.6,61302.4
721,5.7,76300.2
722,6.6,90052.2
723,3.7,60005.9
724,2.3,41473.6
725,7.7,97806.9
726,4.2,55736.8
727,7.4,101150
728,2.7,49196.1
729,6.3,90567.4
730,6.9,86716.2
731,1.6,36757.3
732,4.7,65014.7
733,2.5,53170.1
734,1.7,36918.8
735,11.9,140808.7
736,4.5,65668
737,9.9,107434.6
738,3.8,57578.7
739,8.5,98546.4
740,9.4,113513.1
741,7.6,89557.7
742,6.2,88496.4
743,5.5,76599.5
744,4.8,69569.7
745,11.2,134590.1
746,10.1,126030.9
747,11.6,134499.9
748,2.4,42906.2
749,9,100351.4
750,11.3,128001.8
751,3,49685.8
752,1.7,41809.1
753,9.2,109407.3
754,7.3,97861.3
755,10.3,118378.1
756,2.5,48508.5
757,9.7,123586.8
758,3.2,57168.7
759,2.8,50974.4
760,2.8,48007.4
761,10,115431.8
762,8.3,98688.5
763,6.8,85645.2
764,4.9,75824.1
765,10.6,124242
766,5.3,67544.7
767,10,129071
768,5.8,81735.3
769,5.1,65613.7
770,6.1,79922.7
771,4.3,66246.3
772,9.2,121544
773,6.5,80359.1
774,3.6,63894.6
775,10.9,135634.5
776,5.2,70688
777,7,89248.4
778,11,122730.5
779,7.9,98049.7
780,2.3,46245
781,11.3,135682.1
782,7.9,105644.5
783,4.7,64928.1
784,2.5,37774.1
785,9.7,116717.9
786,7.8,100395.9
787,6.9,91146
788,10.8,125391.1
789,9.7,116970.1
790,2.7,58539.1
791,4.4,68836.2
792,3.7,58040.6
793,9.2,108833.9
794,1.4,36834
795,7.3,102690.7
796,9.4,112530.4
797,10.6,125326.9
798,4.8,67160.3
799,10,125813.1
800,2.2,56757.8
801,10.3,124806.3
802,2.4,48013.4
803,5.4,75801.7
804,9.8,103843.5
805,2.6,54048.9
806,3.5,58879
807,8.9,111771.3
808,8.9,105167.1
809,8.1,98795.3
810,8.6,104135.3
811,7,96427.1
812,3.8,58354.5
813,4.8,81879.4
814,3,55584.6
815,11,121597.5
816,7.4,94222.6
817,5.4,72322.3
818,6.1,70052.4
819,11.4,141712.2
820,2.7,54171
821,7.4,98218.2
822,6.6,87810
823,7.7,90130.3
824,1.2,33476.3
825,10.6,129662.3
826,11.3,125313
827,7.2,78885.8
828,8.7,105444.7
829,11.1,129398.9
830,8.8,108573.4
831,2.7,54228.4
832,7.3,97768.6
833,7.7,98813
834,5.7,85071.8
835,9.1,102357.1
836,11.3,134246.8
837,11.2,134014.2
838,6,74231
839,2.2,37665.1
840,11.8,132500.6
841,10.2,117801.9
842,2.4,51469.9
843,11.1,126582.7
844,10.6,119934.8
845,6.7,84810.9
846,7.5,102016.4
847,5.4,75847.3
848,1.6,38988.2
849,4.7,68526.6
850,9.8,124979.7
851,1.1,30590.3
852,4.7,76321.6
853,5.4,76864.7
854,6.9,89263.1
855,11.1,143901.9
856,4.8,64397.5
857,4.8,68386
858,9.1,104069.3
859,6,86632.2
860,3.5,67091.7
861,6,90667.3
862,2.5,55784.6
863,2.9,51528.4
864,6.5,84060.8
865,5.6,68500
866,11.1,140780.7
867,5,74591.4
868,7.4,91899
869,8,107448.3
870,1.1,30219.6
871,8.3,105546.4
872,3,51839.6
873,11.6,137772.5
874,2.6,49396.1
875,5.6,69284.5
876,1.9,43592.8
877,12,143788.1
878,6.5,86337.7
879,7.5,100522.6
880,1.7,35424.1
881,9.2,112109.4
882,3.3,52625.5
883,10.9,131827.7
884,3.3,55798.4
885,3.1,57979
886,1.4,44180
887,6.2,87236.9
888,7.2,94540.4
889,1.7,35546.5
890,9.5,114898.3
891,6,78436.3
892,6.8,86884.3
893,5.8,78020.8
894,5.4,70477.5
895,7.2,81527
896,2.7,46699
897,3,54290.9
898,10.5,116341.3
899,11.4,132734.1
900,5.1,83729.9
901,4,68162.9
902,8.1,110432.4
903,5.5,78973.1
904,1.3,43465.8
905,2.7,46481.7
906,8.9,105120
907,8.2,87475.6
908,1.3,43747.7
909,3.4,65985.6
910,3.5,55224.9
911,8.4,102721
912,1.2,32131.4
913,2.1,47260
914,9.8,123739.8
915,3,43112.1
916,8.2,104440.4
917,3.6,57510
918,2.1,45269.2
919,3.7,62142.5
920,8.9,108325.1
921,10.4,122668.2
922,10.1,119403.2
923,5.4,81011.3
924,8.3,106087
925,3.3,56839.7
926,4.2,57663.5
927,10.9,125354.8
928,1.1,40675.1
929,1.9,43397.5
930,3.3,59596
931,1.3,46934.6
932,3,58966.2
933,7.4,95426
934,5.6,75247.6
935,10.8,112811.4
936,10,118329.4
937,4.8,68006.8
938,3.9,63448.1
939,5.2,72906.4
940,7.5,93867.5
941,3.9,52212.8
942,7.9,93921.8
943,5.5,79521.8
944,7.1,101278.6
945,5.8,79088
946,4.2,66740.9
947,11.4,138215.8
948,9.4,109140.1
949,2.5,50914.1
950,10.6,120434.2
951,6.4,89802.6
952,10.8,128133.1
953,9.8,119111.7
954,5.7,74122.6
955,1.2,40587.6
956,4,73884.9
957,7,84964.5
958,8,98248
959,3.8,62400.6
960,2.5,53181.8
961,10.2,117959.8
962,11.8,120783.9
963,6.8,96544.1
964,2.9,56396.9
965,4,52857.8
966,1.2,32812.3
967,11.1,138108.5
968,2.3,54634.5
969,7.3,99475.7
970,4,61801.3
971,7.1,92368.8
972,8.2,101280.9
973,10.1,126858.6
974,3.3,50857.8
975,1.1,30935.1
976,2.5,54176.9
977,10.9,127606.6
978,10.6,132847.1
979,7.6,92643.9
980,7.6,96415.3
981,8.3,98270.3
982,2.9,52569.1
983,11.1,121082.8
984,5.6,75102.3
985,5.2,66093.7
986,6.7,92119.9
987,1.5,43187.4
988,2.8,41907.5
989,9.1,118475.6
990,1.9,56870.7
991,7.6,97252.8
992,3.7,56217
993,5.3,90559
994,4.2,56932
995,4.9,71382.6
996,8.9,110047.1
997,4.3,72706
998,7.2,95187.3
999,6.2,80995
1000,8.3,97967.4
1001,11.3,129769.7
1002,9.1,104817.9
1003,3.4,56908.6
1004,1.3,34384.6
1005,3.9,53205.7
1006,7.5,103175.1
1007,1.6,36860.8
1008,6.5,78803.7
1009,7.6,95398.8
1010,4.7,69425
1011,9.5,104667.8
1012,2.2,47233.6
1013,1.8,36253
1014,9,119561.2
1015,6.5,88734.3
1016,8.6,103621
1017,5.8,75331.3
1018,3.7,59324.6
1019,10,122870.2
1020,9.8,117254.5
1021,8.6,105297.2
1022,4,62913.9
1023,7.5,92275.6
1024,5,69902
1025,2,32154.2
1026,11.1,135097.6
1027,2.5,50191.3
1028,11.5,128749.7
1029,5.9,91278.1
1030,3,54029.2
1031,7,84834.4
1032,10.6,129831.4
1033,9.1,112638.5
1034,9.9,120346.3
1035,8.2,100397.6
1036,8.6,108779.2
1037,10.3,121107.9
1038,3.7,63359.9
1039,6.4,74521.1
1040,3.4,54866.5
1041,11.9,146596.2
1042,11.4,128143.2
1043,1.4,35019.9
1044,8.8,105137.4
1045,11.2,123684.1
1046,3,40720.1
1047,7.2,92046.4
1048,11.1,130222.5
1049,1.4,37533.2
1050,8.7,105984.5
1051,4.3,65448.1
1052,11.2,136108.5
1053,11.7,134174.3
1054,11.4,129244
1055,6.2,82020.5
1056,10.5,127146.8
1057,10.3,129984.8
1058,4.5,63955.9
1059,10.1,121016.8
1060,1.4,40037.2
1061,7.6,90729.6
1062,3.5,58321.7
1063,2.3,38634.9
1064,1.8,32404.8
1065,8.7,108727.9
1066,4.7,67481.4
1067,9,110768.5
1068,1.7,40991.9
1069,4.5,61612.4
1070,6.9,90125
1071,9.7,109597.9
1072,4.5,75210.7
1073,7.9,91776.7
1074,10.7,125300.3
1075,7.8,92488.4
1076,3.6,61704
1077,1.3,34981.2
1078,10.6,121844.2
1079,1.2,41280.2
1080,10.6,125387.6
1081,6.8,92170
1082,11.3,126426.2
1083,9.8,109475.5
1084,12,138632.5
1085,4.9,68971.5
1086,9.4,117550.1
1087,5.4,75631.9
1088,6.3,85327.8
1089,7.9,90449.1
1090,10.6,135676.7
1091,11.8,135674.8
1092,9.5,118060.8
1093,5.6,73049.4
1094,5.6,79820.4
1095,9.1,103684
1096,3.6,61646.9
1097,2.2,43791.3
1098,4.9,71324.2
1099,4.2,68059.6
1100,4.3,58206.8
1101,3.6,54753.9
1102,1.5,41231.1
1103,1.2,47889.5
1104,11.9,136199.3
1105,5.7,82070.6
1106,5.2,73650.6
1107,8.5,115808.3
1108,3.4,47215
1109,11.4,133575.3
1110,9.6,106948.3
1111,2,29575.5
1112,5.6,79368.9
1113,10.7,126462.2
1114,11.4,130909.8
1115,6.1,82290.5
1116,7.7,115387.8
1117,2.8,50217.5
1118,11.9,140182.3
1119,3.5,54749.1
1120,11.4,133945.7
1121,8.1,100496.4
1122,7.7,95176.5
1123,6.6,97763.3
1124,3.5,64859.1
1125,2.9,53412.9
1126,3.4,44332.4
1127,3.1,51659.6
1128,9.6,130451.1
1129,4.9,69403.7
1130,1.6,46480.1
1131,11.7,143099.4
1132,10.7,127391.8
1133,11.2,126030.1
1134,11.9,124100
1135,2.9,56200.4
1136,5.4,70931.2
1137,9.3,114101.8
1138,8.7,99660.2
1139,2.7,48812.4
1140,10,119292.2
1141,3.5,59130.6
1142,3.5,51329.8
1143,6.9,96809.6
1144,7.5,92596.1
1145,7.4,85234.2
1146,2,43198.5
1147,10.7,125702.1
1148,3.9,62805.2
1149,2.4,55378.3
1150,10.8,125360.9
1151,11.5,132968.8
1152,10.5,117746.9
1153,9.9,123035.6
1154,8.2,103440.9
1155,7.1,89210.7
1156,2,32689.4
1157,5.5,84833.9
1158,5.1,66173.7
1159,3.9,57993
1160,9,111501.2
1161,6.5,79153
1162,1.9,34371.1
1163,3.4,45308.9
1164,8.5,109354.5
1165,1.8,39163.2
1166,10.4,139150.2
1167,6.4,80208
1168,6.3,79102.1
1169,7.5,92717
1170,10.1,121383
1171,4.8,67823.4
1172,8.5,108201.8
1173,7.2,87633.4
1174,3.9,54329.7
1175,10.7,115575.7
1176,9.8,104755.9
1177,8.2,99846.9
1178,10.4,121032.7
1179,10.5,120922
1180,8.8,114885.4
1181,10.2,128172.5
1182,8.7,104927.8
1183,8.5,94966.8
1184,7.8,95433.5
1185,9.3,109188.5
1186,2.7,47110.4
1187,10.7,121962.6
1188,10.6,121271.7
1189,1.3,35176.8
1190,10.1,116587.5
1191,2.4,48859.1
1192,4.7,71148.8
1193,9.2,106493.2
1194,2.8,58116.9
1195,10,113844.9
1196,10.2,111751.3
1197,6.6,89178.5
1198,1.1,30391
1199,4.2,65932.3
1200,7.8,84986
1201,11.8,144078.7
1202,7.9,103734.4
1203,3.9,52913.9
1204,8,91933.4
1205,6.9,99780.8
1206,9.6,111239.3
1207,2.2,40754
1208,9.4,100734.8
1209,7,88601
1210,11.6,133127.3
1211,4.8,73836.7
1212,8,92235.2
1213,11.3,122680.6
1214,2.1,47475.8
1215,11.3,137352.3
1216,8.6,97017.6
1217,1.7,47397.7
1218,4.3,65793.1
1219,8.8,114017.8
1220,1.7,40906.6
1221,7.4,80709.8
1222,4.8,69402.7
1223,7.8,104770.4
1224,1.5,34055.2
1225,10.6,122724.5
1226,11.7,134507
1227,11.7,118798.4
1228,9.2,121570.4
1229,2.4,42780
1230,9.3,115947.4
1231,1.3,36369.1
1232,1.2,43630.5
1233,4.6,70208
1234,6.4,83778.7
1235,9.5,109385.1
1236,8.5,109788
1237,5.9,70173.2
1238,4,66353.4
1239,12,131802.9
1240,5.7,85602.3
1241,6,82121.6
1242,2.8,54908.8
1243,9.7,117376.7
1244,8.6,96606.8
1245,3.4,52433.8
1246,1.9,46621.7
1247,8.5,105967.7
1248,8.2,108938.5
1249,4,64958.5
1250,11.5,127734.2
1251,2.7,45548.9
1252,5.8,79814.7
1253,11.4,119446.4
1254,5.6,87286.6
1255,8,103142.9
1256,5.4,82489.5
1257,4,53963.9
1258,11.8,143541.9
1259,5.5,89326.9
1260,10.8,119853
1261,3.5,62515.5
1262,3.3,56456.5
1263,1.3,28898
1264,8.2,104794.9
1265,5.1,77267.9
1266,10.5,120786.3
1267,6.2,90008
1268,11.7,125620.8
1269,3,45224.7
1270,10.6,125355
1271,9.5,115167
1272,9.5,110428
1273,10.3,126640.3
1274,9.4,116375.1
1275,7.9,104192.2
1276,2.4,47252.4
1277,1.4,41048.9
1278,11.1,127527.8
1279,7.8,109883.7
1280,9.8,112554.1
1281,6.3,96125.1
1282,2.3,46687.4
1283,2.4,39619.3
1284,8.5,113212.7
1285,5.7,79732.3
1286,3.2,59902.1
1287,6.4,92243
1288,1.7,42862.5
1289,7.4,91482
1290,4,67716.1
1291,9.8,117208.3
1292,4.4,70395.5
1293,6,69574.3
1294,1.1,38005.6
1295,1.8,38258
1296,5.3,84343.1
1297,6.3,87671.9
1298,7.6,98011.3
1299,4.2,67335.8
1300,8.6,100957.9
1301,10.5,132784.8
1302,9.6,126499.2
1303,1.4,40613.7
1304,6.3,93140.2
1305,2.2,42022.9
1306,3.7,55001.1
1307,11.9,137090.2
1308,2.6,51542.7
1309,6.5,83954.2
1310,7.8,101562.4
1311,8.7,109032.4
1312,7.2,86890.8
1313,1.1,38214.9
1314,4.6,73062.6
1315,6.7,89072.9
1316,2,49877.5
1317,4.9,63937.9
1318,1.4,40366.4
1319,1.9,35922.1
1320,5.4,69328.2
1321,2.5,44565.7
1322,7.2,88025.7
1323,8.6,102903.3
1324,9.8,116321.3
1325,3.2,59785.1
1326,2.8,49912
1327,2.2,36301.1
1328,8,106830.1
1329,8.8,103055
1330,1.3,37253.2
1331,11.3,134114.1
1332,1.6,40816.8
1333,7,96684.4
1334,8.8,110683.3
1335,10.6,120018.5
1336,8.9,120709.8
1337,9.8,118724.2
1338,4.7,68759.9
1339,10,124389.2
1340,1.9,44021
1341,10.8,129546.5
1342,7,105156.5
1343,10,117717.4
1344,6,79539.5
1345,8.1,101849.7
1346,6.8,95009.4
1347,9,101922
1348,1.9,31792.1
1349,1.7,37288.6
1350,3.7,50847.5
1351,2.8,48507.1
1352,10.6,127729.7
1353,3.4,52104.3
1354,11.7,127760.1
1355,4.7,69706.1
1356,3,58052.6
1357,9.7,106908.6
1358,8.2,107357.3
1359,6.5,90655.8
1360,7.1,97363.2
1361,8.9,115872.7
1362,3.5,70359.7
1363,12,135875.4
1364,11.7,136240.2
1365,8.2,99570.5
1366,3.2,55051.6
1367,8.5,113579.5
1368,1.8,34281.8
1369,1.3,32669.4
1370,3.8,68785.4
1371,6.1,88091.7
1372,10.6,122524.1
1373,9,114664.9
1374,9.2,113410.3
1375,5.7,86917.6
1376,4.8,70674.6
1377,5.1,78602.9
1378,11.9,151738.1
1379,1.4,41812.1
1380,10.5,124701.5
1381,7.4,98491.2
1382,5.8,77849.4
1383,9,123042
1384,6.4,85894.1
1385,10.6,123563.9
1386,10.9,123252.5
1387,5.6,84271.6
1388,4,67923.6
1389,7.5,93091.5
1390,11,132361.5
1391,3.3,47760.5
1392,7.9,100089.6
1393,7.9,102480.4
1394,9.1,120052.4
1395,2.4,43664.1
1396,8.9,101559.3
1397,11,123784.4
1398,3,45502
1399,3.6,66465.3
1400,11.7,143934.3
1401,3,54901.3
1402,10.4,129940.6
1403,6.4,86219.3
1404,3.7,59465.9
1405,10.6,122949.9
1406,5.9,78851.7
1407,6.7,79157.8
1408,5,73118
1409,7.5,95709.6
1410,2.8,55464.5
1411,5.3,75473.9
1412,11.7,134158.3
1413,3.8,56259.3
1414,8.2,102969.1
1415,4.6,72229.8
1416,9.5,108306.8
1417,2.4,48391.6
1418,11.7,136413.8
1419,6,77453.9
1420,3.6,55548.2
1421,1.8,43227.7
1422,2.9,45606.3
1423,6.7,90285.2
1424,4.7,64322.6
1425,10.1,126403.7
1426,5.7,92162
1427,3.7,55338.5
1428,7.8,101437.4
1429,8.8,103703.4
1430,2.8,57483.2
1431,2.8,44646.7
1432,1.4,40797.6
1433,9.1,105965
1434,8.3,102142.9
1435,6.2,77870.3
1436,10.3,126647.9
1437,9.9,113366.8
1438,7.4,98232.1
1439,10.6,122630.4
1440,3.3,55055.1
1441,2.2,46758.4
1442,4,58078.4
1443,1.6,41408.7
1444,6.8,98070.7
1445,11.3,127306.8
1446,1.4,44940.7
1447,2.3,55368.9
1448,6,76740.1
1449,11.3,123237.3
1450,4.5,68851
1451,6.6,83963.9
1452,1.5,49068.9
1453,2.6,49913
1454,11.9,132372
1455,11.6,128206.9
1456,1.1,40906.5
1457,11.5,130044.5
1458,8,100979.5
1459,10.5,129862.8
1460,6,78860.2
1461,6.7,87637.3
1462,6.4,85020.9
1463,8.3,107439.6
1464,2.5,52118.3
1465,1.3,36183
1466,4.4,66663.3
1467,8.8,105470.4
1468,3.2,47017.9
1469,8.4,105741.7
1470,11.7,145701.3
1471,2,39117.3
1472,8.4,99892
1473,5.9,75556.7
1474,10.5,128593.1
1475,2.9,55220.8
1476,8.6,105409.8
1477,10.2,116286.3
1478,11.4,133007
1479,8.5,96572.1
1480,6.5,86781.3
1481,7.8,103396.7
1482,10.6,117623.7
1483,7.3,85042.9
1484,1.3,46289.2
1485,11.2,127648.9
1486,8.6,112326.4
1487,8.4,103760.3
1488,3.4,55811.8
1489,8.2,105240.6
1490,5.3,70296.8
1491,8.2,102734.5
1492,2.2,43245.2
1493,8.2,95296.6
1494,12,140074
1495,1.5,37837.4
1496,11.7,134996.9
1497,5.5,69828.8
1498,10.6,133711.8
1499,9.6,120529.4
1500,7.2,98630.8
1501,9.1,109351.6
1502,10.7,115949.8
1503,5.4,87229.2
1504,4.6,67951.5
1505,8.3,99506.9
1506,9.9,120604.2
1507,9.4,120064
1508,9.8,117101.6
1509,5.8,86726.7
1510,10,125367.8
1511,2.3,40774.7
1512,7,87129.7
1513,1.1,40251.4
1514,4.6,52869.7
1515,5,71555.9
1516,5.4,67478.9
1517,8.7,103926.8
1518,5.3,73017.6
1519,5.9,78936.3
1520,3.6,55902.5
1521,5.1,66962.2
1522,3.5,70739.2
1523,1.8,52349.8
1524,7.6,90528.1
1525,8.4,112605.8
1526,7.8,96460.1
1527,6.1,83200.6
1528,5.2,73422.9
1529,10.5,120352
1530,6.7,93758.2
1531,6.3,84812.9
1532,1.3,34298.7
1533,4.8,62475.4
1534,5.2,68822.3
1535,5.4,66576.9
1536,7.4,94675.2
1537,6.9,83074.1
1538,7.7,96004.6
1539,9.4,121469.1
1540,9.9,125514.2
1541,8.9,108766.2
1542,11.5,133137.4
1543,1.2,46705.8
1544,3.2,57561.3
1545,1.1,33251.2
1546,8.1,93628.5
1547,10.9,129850.6
1548,3.7,64245.6
1549,11.2,127130.8
1550,1.7,42191.3
1551,11.3,129399.3
1552,4.9,69820.1
1553,2.1,30928.8
1554,6.3,83564.1
1555,3.8,66410.7
1556,4.1,60379.7
1557,4.4,66534.5
1558,9.8,113545
1559,6.9,92359.3
1560,4.4,65447.7
1561,7.7,92489.8
1562,8.9,116193.4
1563,4,67831.9
1564,5.5,73903.7
1565,2.3,49751.8
1566,3,56133.8
1567,8.5,108691.8
1568,3,43684.2
1569,6.8,94517.6
1570,8.8,104817.4
1571,2.2,43407
1572,7.2,108021.2
1573,3.8,62655.8
1574,11.6,132233.7
1575,6.3,72230.4
1576,9.9,125852.3
1577,7.1,83971.5
1578,1.5,33199.6
1579,8,98261
1580,11.5,141116.8
1581,7.6,101159.4
1582,10,118569.8
1583,10.7,127935
1584,3.5,54649.6
1585,3.3,57121.1
1586,7.7,98219.5
1587,5.5,82441.8
1588,10.2,127009.9
1589,10.9,130617.5
1590,4.9,69009.9
1591,3.6,63069.1
1592,9.6,114919.2
1593,4,56814
1594,10,117553.4
1595,5.7,78818.2
1596,8.3,108779.6
1597,2.1,43202.7
1598,7.9,92386.2
1599,6,81576.5
1600,7.5,95910.3
1601,2.8,52802.4
1602,9.1,116039.8
1603,10.5,129683.4
1604,3.4,53505.3
1605,2.1,40802.1
1606,1.3,30938.5
1607,8.1,104938.6
1608,7.7,105507.2
1609,7,89365.2
1610,3.6,57058.9
1611,5.3,83135
1612,7.5,98920.8
1613,6.5,88376.3
1614,11.9,130318.4
1615,2.5,52276.5
1616,8.6,101362.4
1617,5.4,69985.4
1618,5.7,76870.2
1619,8.9,105616.4
1620,8.6,105037.4
1621,11.9,129280.8
1622,2.4,53006.4
1623,2.1,51426.4
1624,9,98703.2
1625,7.4,99892.8
1626,4,58264.5
1627,1.9,47346
1628,1.9,42819.5
1629,10.8,127409.8
1630,3.1,53207.6
1631,4.6,74690.8
1632,3.5,50927.2
1633,4.9,74598.9
1634,1.8,47673.4
1635,6.7,92260
1636,1.7,54326.3
1637,9.8,114537
1638,3.6,63945.7
1639,6.9,89838.9
1640,10.7,132679.3
1641,8.2,101913.6
1642,6.9,87529.9
1643,4.6,75316.1
1644,4.7,66164.7
1645,8.4,95991
1646,11.9,134748.3
1647,8.3,106557.7
1648,7.1,100063.8
1649,9,110870.4
1650,6.1,90027.5
1651,1.7,32955
1652,7.2,90269.9
1653,11.5,132229.2
1654,2.9,51880.2
1655,8.6,106494.1
1656,3.2,59048.7
1657,6.9,87509.8
1658,2.1,45125.1
1659,6,80861.7
1660,9.3,107723.4
1661,4.8,69792.4
1662,8.3,102612.1
1663,9.7,116061.7
1664,11.2,130855.5
1665,3.6,59112.3
1666,5.4,73389.5
1667,2.7,57258.8
1668,11.9,130926.6
1669,11.2,126627.8
1670,6.9,105972.1
1671,10.3,116022.7
1672,6.7,80881.3
1673,7.9,103226.8
1674,2,31947.3
1675,9.3,111492.5
1676,2.4,59573.5
1677,10.1,111528.2
1678,9.6,104506.4
1679,8.8,99588.4
1680,1.4,43080.7
1681,4.3,72098
1682,3.9,58782.2
1683,5,75554.7
1684,2,51182.9
1685,11.3,141689.4
1686,7.1,90488.1
1687,4.4,53187.4
1688,5.4,70973.8
1689,5.9,78398
1690,7.6,95281.7
1691,6.7,86852.3
1692,11.1,136125.5
1693,6.5,93084
1694,11.9,136472.5
1695,10.4,128946.2
1696,3.3,57972.8
1697,11.2,131393.8
1698,2.3,51463.8
1699,10,119675.7
1700,5.2,85371.1
1701,10.7,117519.6
1702,10.5,121651.4
1703,9.9,117366.3
1704,9.7,118878.9
1705,4.4,73059.9
1706,1.9,42573.2
1707,5.4,68234.6
1708,2.9,57047.3
1709,8.6,110759.8
1710,4.8,59416.1
1711,11.7,135691.1
1712,8.1,92034.8
1713,10,116077.9
1714,2.5,43025.5
1715,10.5,128429.6
1716,11.2,130871.7
1717,6.4,77739
1718,7.7,102239.3
1719,9.4,105781.9
1720,2.9,54318.6
1721,6.5,81987.7
1722,5.4,73694.1
1723,2.6,52333.6
1724,5,75419.2
1725,1.7,48861
1726,1.3,36521.3
1727,2.5,50062.3
1728,11.6,131965.7
1729,7,92439.2
1730,11.6,137152.6
1731,5.8,78706.4
1732,4.4,56624.7
1733,6.6,88765
1734,5.8,82023.8
1735,2.2,41478.4
1736,8,93729.4
1737,3.4,65008.4
1738,7.8,101452.2
1739,8.2,100605.2
1740,2.7,43742.7
1741,1.7,36079.8
1742,9.6,122742.1
1743,6.1,82864
1744,1.6,37265.4
1745,11.9,140564.3
1746,1.6,35750.3
1747,8.6,114939.5
1748,11.8,144116.1
1749,3.6,56551.7
1750,2.6,45569.4
1751,2.3,32275.4
1752,4.3,57538.4
1753,2.1,37311.5
1754,8.6,107004
1755,1.7,38949.1
1756,6.6,79729.2
1757,12,136332.1
1758,10,121735.9
1759,7.8,101201.6
1760,4.4,55510.1
1761,7.9,98434.6
1762,6.8,81348.2
1763,5.7,83631.8
1764,2.4,52270.4
1765,10.8,121438.5
1766,5.9,76769.3
1767,3.1,51949.7
1768,5,59928.9
1769,5.6,79225.5
1770,10.1,118794.6
1771,9.1,115982.3
1772,9.5,108124.7
1773,1.1,31982.7
1774,5.6,69132.6
1775,6.3,78717.6
1776,1.2,29683.5
1777,3.9,66875.2
1778,9.4,109425.2
1779,2.5,49245
1780,6.9,87814.2
1781,3.4,49569.4
1782,1.1,34617
1783,3.7,62721.2
1784,11.7,128986
1785,9.8,122142.2
1786,11.6,129294.1
1787,6.4,82309.5
1788,2.2,48672.8
1789,7,87548.3
1790,6,81740.6
1791,10.3,120308.9
1792,2.1,45217.2
1793,6.4,71737.4
1794,2.7,39664
1795,4.6,71492.6
1796,9.1,116746.1
1797,6.2,78688.6
1798,5.1,72007
1799,5.3,76951.9
1800,6.1,85933.9
1801,9.6,104561.4
1802,10.8,122075.2
1803,11.5,131745
1804,9.7,120028.4
1805,4.5,81055.9
1806,8.6,104554.4
1807,5.8,71918.9
1808,3.8,63020.6
1809,10.2,129093.5
1810,1.4,38896.6
1811,10.9,122965.9
1812,6.1,87625.7
1813,8,104245.5
1814,8.3,97099.8
1815,10.8,129478.2
1816,8,106056.4
1817,7.8,104725.5
1818,1.7,40855
1819,6.7,86184.1
1820,2.7,56771.1
1821,9.1,104186.8
1822,6.6,89996
1823,8.5,97346.3
1824,1.5,44587.7
1825,1.9,41669.3
1826,8.9,115853.6
1827,1.8,44539.3
1828,1.8,34865
1829,1.1,43523.4
1830,11.5,142400.7
1831,9.1,115895.6
1832,4.9,66759.7
1833,4.3,63411.7
1834,4.8,71462.9
1835,9.5,110887.9
1836,8.3,112511
1837,3,54356.2
1838,2.9,37279.5
1839,2.1,46424
1840,8.3,100989.4
1841,9.4,113335.4
1842,3.9,59788.3
1843,1.2,40988.4
1844,1.9,49101.2
1845,11.6,136489.6
1846,4.2,63112.1
1847,9.5,114027.4
1848,7.9,99341.3
1849,5.2,69513.4
1850,3.3,58916.7
1851,2.3,49488.8
1852,7.8,106842.7
1853,9.5,121841
1854,8.1,97397.4
1855,6.8,94010
1856,1.5,33341.2
1857,11.7,138863.8
1858,9.8,114435.2
1859,4.2,59014.8
1860,11.8,137731.7
1861,7.6,81907.2
1862,7.4,85049.2
1863,9.2,111067.5
1864,9.9,119142.3
1865,8.2,100473.6
1866,2.4,38781.4
1867,4.7,64887.2
1868,11.2,132959.7
1869,3.5,60900.2
1870,5.1,72894
1871,5.8,85681.4
1872,5.8,82196.4
1873,7.7,93833.2
1874,11.4,130761.9
1875,3.6,51473.2
1876,2.3,46323.5
1877,3.2,61044
1878,10.8,130325.8
1879,8.1,109270
1880,4.1,62324.3
1881,10,126642.9
1882,10.5,122756.2
1883,10.3,130522.1
1884,11.1,129697.9
1885,3.8,64473.4
1886,9.3,121033.3
1887,6.1,81089.4
1888,10.3,123044.8
1889,9,117231.8
1890,9.5,114265.8
1891,8.2,95119.4
1892,3,64725.6
1893,7,88326.5
1894,11.8,137541.9
1895,11.3,138203.7
1896,1.5,35383.3
1897,2.8,45794.5
1898,2.4,49410.2
1899,9,99736.5
1900,10,117696.6
1901,3.3,57862.8
1902,6.6,85371.7
1903,10.2,113057.8
1904,9.1,119387.3
1905,7,91242.5
1906,7.5,103667.6
1907,6.6,85687.9
1908,4.3,60307.1
1909,7.2,94537.2
1910,8.6,104700.8
1911,10.6,118493.6
1912,8,108659.5
1913,9.4,109936.6
1914,2.8,40646.7
1915,6.1,89704
1916,1.1,32448.1
1917,3.7,56541.3
1918,9,99941.4
1919,11.9,147131.8
1920,2.1,37396.9
1921,5.4,76360.2
1922,9.8,122568.6
1923,3.2,57865.8
1924,7.1,91665.4
1925,9.1,100984.8
1926,7.8,93801.6
1927,3.1,54893.4
1928,4.9,66838.3
1929,9.6,116910.2
1930,7.1,95722.1
1931,1.1,40224.1
1932,9.4,106546
1933,1.4,50252.5
1934,9.2,116108.6
1935,3.2,55336.3
1936,11.5,139982.2
1937,5,85772.9
1938,4.6,60237.2
1939,2.6,48515.3
1940,4.4,52765.3
1941,10.6,126502.9
1942,12,139910
1943,5.1,72364.8
1944,5.9,77270.9
1945,8.9,97896.1
1946,10.7,128506.6
1947,7.5,104083.7
1948,5.3,71692.1
1949,5.5,79650.9
1950,8.7,97838.2
1951,1,37189.5
1952,7.8,96504.4
1953,4.9,66988
1954,9.7,112602.6
1955,2,41763.4
1956,7.5,97580.1
1957,6.3,76957.4
1958,8.1,98846.9
1959,1.7,40807.8
1960,7.4,88441.3
1961,7.2,102711.3
1962,7.2,87805.7
1963,7.6,93286.9
1964,8.4,99146
1965,9.9,128033.6
1966,4,65437.8
1967,10.1,114824.2
1968,6.5,92277.7
1969,1.8,43430.6
1970,1.6,41823.1
1971,4.7,67115.8
1972,9.6,111697.1
1973,8.8,109750.1
1974,9.7,113226.2
1975,6.7,98227.4
1976,5.8,72958.7
1977,2.6,58216
1978,4.6,67791.2
1979,5.8,81086.8
1980,2,48167.2
1981,3.4,53706.3
1982,7.6,101316.3
1983,9.1,95629.3
1984,12,134049.7
1985,11.3,126127.5
1986,8.1,94082.9
1987,5.6,76884.7
1988,8,102585.6
1989,9.6,119895.6
1990,2.3,47946.1
1991,5.5,73185
1992,10.2,123658.8
1993,5.2,74892.4
1994,7.3,98978.5
1995,7.5,99741.2
1996,3,53644.8
1997,5,66934.9
1998,4.7,65419.1
1999,1.3,33946.9
2000,1.3,35049.9
2001,10.1,122251.7
2002,4,66683
2003,6.7,87866.4
2004,4.3,65440.7
2005,11.3,132882.7
2006,3.9,58367
2007,5.7,73786
2008,10.6,115201.6
2009,10.3,117929.5
2010,3,56289.2
2011,9.8,113801.9
2012,6,80596.7
2013,6.3,87110.9
2014,2.5,51085.1
2015,1.9,36639.9
2016,9,115542.7
2017,6.5,92209.3
2018,5.8,73390.4
2019,9,105523.3
2020,9.4,120533.5
2021,2.7,49995.4
2022,7.7,85317.7
2023,2.5,40541.1
2024,9.3,111008.8
2025,8.2,96084.6
2026,11.5,131425.9
2027,1.8,41647.5
2028,1.6,48406
2029,4.1,62007.2
2030,3.9,67500
2031,3.7,67961.2
2032,11,136523.6
2033,3.7,61830.7
2034,4,51588.4
2035,9.4,115814.2
2036,5.9,86911.1
2037,9.5,114583.6
2038,1.7,50848.7
2039,6.4,89789.2
2040,1.4,40970.1
2041,1.7,46886
2042,11,130386.2
2043,2.5,34832.8
2044,6.9,86851.9
2045,5.5,83726
2046,4.8,65888.3
2047,10.9,126585.8
2048,1.2,30723.9
2049,8.3,113274.6
2050,11.6,143845.6
2051,7.2,87584.8
2052,11.3,132504.1
2053,1.6,35925
2054,5.6,81270.3
2055,3.9,64191.6
2056,9,114805.8
2057,11.8,138159.7
2058,3.8,77379.3
2059,8.2,96551.1
2060,3.2,45324.6
2061,7.2,90865.8
2062,6.1,73755.5
2063,11.7,126991.8
2064,7.7,91954.9
2065,4.8,65472.3
2066,2.3,40820.1
2067,2.7,52918.1
2068,3.5,54889.1
2069,3.8,59382.2
2070,10.4,127719.9
2071,7.2,88351.7
2072,6.8,87225.1
2073,2.3,48273.7
2074,10.5,112852
2075,9,96097.9
2076,1.7,43267.8
2077,8.8,110628.7
2078,7,102341.9
2079,1.9,43677.5
2080,6,86522.3
2081,6.3,83589
2082,2.8,53192.5
2083,11.4,141926.4
2084,10.3,110775.3
2085,8.4,106155.7
2086,6.1,94295.9
2087,5.5,78678.2
2088,8.2,111196.6
2089,7,87477
2090,1.7,40592.2
2091,6.6,87760.1
2092,9.9,105722.6
2093,6.1,75503.4
2094,1.6,33565.3
2095,9.6,120628.5
2096,3.2,60107
2097,3.8,62993.7
2098,2.8,56027.7
2099,4.6,67705.9
2100,9.3,119683.4
2101,6.7,88337.2
2102,3.3,55919.1
2103,10.7,124063
2104,10.7,129557.8
2105,10.6,122439
2106,3.6,64581.2
2107,6,74873.3
2108,11.8,130542.2
2109,9.5,118392.6
2110,1.3,36627.1
2111,1.7,38538
2112,6.1,87500.9
2113,11,125415.4
2114,6.9,89176.4
2115,6.5,93870.1
2116,2.2,53869.1
2117,8.2,111363.1
2118,10,118177.8
2119,5.2,80724.8
2120,9.5,109616.1
2121,11.6,129483.6
2122,3.2,42335.8
2123,6.8,98052.8
2124,4.2,59314.6
2125,9.7,116007.5
2126,7.4,89248.2
2127,8,104150.1
2128,9.8,115140.4
2129,5.4,68162.5
2130,11.1,131891.2
2131,6.9,81688.8
2132,2.7,46034.7
2133,8.7,94854.8
2134,9.7,108794.5
2135,4.5,68223.7
2136,10.4,112415.8
2137,11,120208.7
2138,4,63069
2139,11.8,133494.9
2140,2.5,60064.6
2141,3.2,65552.8
2142,3,48594.8
2143,10.8,130343.5
2144,8.2,106501.6
2145,2.7,46768.2
2146,5.8,71706.5
2147,7.8,98189.3
2148,1.9,42007.7
2149,10.7,123588.1
2150,9.8,120305.8
2151,6.6,82616.1
2152,11.6,128388.5
2153,5.6,78334.2
2154,11.8,138754.4
2155,8.3,97148.3
2156,8,105461.9
2157,2.8,41648.5
2158,10.7,122741.3
2159,5.7,77292.7
2160,2.8,47604.5
2161,1.1,32448.9
2162,7.2,102947.6
2163,6.8,84362.9
2164,8.9,122726.1
2165,10.8,129284.5
2166,1.9,43067.2
2167,9,113000.1
2168,3.1,67927
2169,10.4,117949.1
2170,10,113174
2171,6.9,86292.2
2172,8.8,108307.3
2173,4.5,57324.1
2174,6.2,83400.8
2175,10,129177.3
2176,6.1,82885.3
2177,4.9,69854.4
2178,6.4,82214.5
2179,10.1,125418.8
2180,4.7,64524.8
2181,2.9,62685.7
2182,8.8,119123.1
2183,10.1,121594
2184,2.1,44695
2185,3.6,64996.5
2186,2.6,55178.2
2187,4.8,65959.4
2188,6,78167.4
2189,9.2,104743.7
2190,8.2,104272.2
2191,7.8,102571.2
2192,4.9,63378.5
2193,10.3,119220.8
2194,6.2,75754.4
2195,11.8,131049.6
2196,8,103298.3
2197,2.4,43321.7
2198,8.4,102904.3
2199,4.6,58992.6
2200,8.5,106687.2
2201,1.8,41289.7
2202,2.9,48400.6
2203,10.4,122194.7
2204,3.5,58921.6
2205,10.2,116751.4
2206,4.1,55073.5
2207,8.1,111222.3
2208,8.6,102913.5
2209,6.6,87047.3
2210,4.4,71687.7
2211,3.3,76137.1
2212,1.4,30789
2213,4.3,68408.7
2214,8.2,98237.5
2215,11.3,128821.6
2216,10.6,120832
2217,9.4,107635.5
2218,9.7,116026
2219,8.3,95177.6
2220,3.9,66649.5
2221,11,128908.3
2222,8.4,106382.8
2223,7.2,89948.8
2224,2.2,43782
2225,5.9,82377.5
2226,6.1,75642.8
2227,10.5,122167.3
2228,7,86315
2229,5.2,68860.5
2230,11.7,124037.8
2231,2.2,53297.1
2232,5.6,74382.7
2233,1.5,45172.3
2234,9.1,117187.6
2235,11.1,122540.5
2236,4.1,57321.5
2237,10.4,137840.8
2238,4.2,74465.4
2239,11,128796.1
2240,9.3,114111.4
2241,9.9,114440.1
2242,1.2,38587.7
2243,11.6,130371.4
2244,9,98470.3
2245,4.4,58586.7
2246,10.1,120631.3
2247,4.1,57237.2
2248,10.6,124644.3
2249,2.2,39991.3
2250,8.7,103071.1
2251,6.9,95274.5
2252,2.1,45716.8
2253,3.7,59388.9
2254,1.1,40502.8
2255,6.2,85714
2256,4.3,73703.8
2257,7.6,93925.6
2258,4.3,62793.4
2259,4.3,58198.8
2260,9.2,109153.9
2261,1.5,44697.6
2262,10.9,135423.3
2263,10.4,128260.7
2264,8.3,93683
2265,7.5,102020.3
2266,10.8,116771.5
2267,3,58585.5
2268,1.9,40450.3
2269,3.6,63123.7
2270,9.7,109443.1
2271,1.4,44451.3
2272,7.4,86688.5
2273,11.9,134035.4
2274,10.4,117666
2275,6.7,78692.2
2276,1.7,41442.2
2277,10.1,130818.8
2278,7.6,111475.2
2279,2.3,46788.7
2280,2,50299.1
2281,11,130151.4
2282,8.4,106651
2283,10.1,118588.8
2284,10.7,126758.5
2285,7.3,96739.2
2286,6.7,84851.7
2287,5.7,78607.5
2288,4.5,66917.9
2289,5.8,84095.5
2290,9.5,108781.3
2291,7.6,96579.6
2292,10.8,137767.6
2293,5.9,86896.8
2294,7.7,104949.5
2295,7.9,100058.9
2296,7.5,97599.9
2297,8.7,112941.2
2298,3.6,67704.3
2299,6.6,76644.7
2300,2.1,37776.3
2301,5.2,81590.4
2302,6.4,83442.6
2303,8.2,98340.3
2304,11.5,126092.1
2305,7.6,93631.9
2306,9.2,103752.3
2307,6.6,98617.8
2308,8,100087.5
2309,1.8,41347.5
2310,3.8,64030.6
2311,5,77294.1
2312,6.2,88703.1
2313,1.5,45047.1
2314,2.5,45325.9
2315,4,61407.2
2316,11.7,139589
2317,4.6,65792.4
2318,6.3,84377.6
2319,3.2,56912.3
2320,7.7,102179.3
2321,4.1,53534.2
2322,3.3,59811.8
2323,6.7,86688.7
2324,1.1,38826.6
2325,1.1,39439.5
2326,3.4,66061.8
2327,1.4,45683.9
2328,2.2,53057.5
2329,4.7,77595.6
2330,9.8,119356
2331,7.3,93942.3
2332,6.6,92470.6
2333,4.2,68900
2334,11.2,129425.2
2335,5.4,77831.5
2336,2,43155.2
2337,7.8,93666.7
2338,2.3,53347.9
2339,4.8,70492.6
2340,6.6,98499.9
2341,10.6,116083.4
2342,6.4,82488.6
2343,8.7,107480.2
2344,11.9,143861.3
2345,2.4,50200.2
2346,4,64592.6
2347,5.3,69010.5
2348,5.6,71677.4
2349,5.5,78827.1
2350,11,121015.8
2351,8.9,105547.3
2352,7.7,100290.8
2353,4.4,60964.1
2354,10.1,128908
2355,11.5,140420.6
2356,10,110873.9
2357,1,29247
2358,8,87669.6
2359,1.6,35237.4
2360,3.8,65362
2361,1.7,38171.2
2362,7.6,99639.2
2363,8.6,97155.9
2364,2.3,50661.4
2365,5.2,71093.8
2366,6,81791.8
2367,5.1,72141.7
2368,2.3,39768.1
2369,5.6,71399.5
2370,9.3,117794.7
2371,1.8,43910.6
2372,1.9,48504.8
2373,4.9,72992
2374,11.4,132989.7
2375,8.4,94144.1
2376,8.5,103333.7
2377,5,71766.4
2378,7.5,106930.8
2379,1.1,39192.8
2380,8,109009.8
2381,11,132575.4
2382,7.7,93997.3
2383,10.6,125773.7
2384,9,110875.8
2385,2.3,41578.4
2386,10.9,125958.3
2387,1.7,40054.3
2388,6.9,98782.5
2389,2.6,37437.7
2390,1.1,42258
2391,5.6,72929.8
2392,4.2,57294.8
2393,6.3,91416
2394,7.3,98390.6
2395,1.5,45860.1
2396,2.4,51561.9
2397,7.1,103887.5
2398,4.8,73094.7
2399,9,109220.4
2400,8.2,104021.2
2401,10.3,129151.9
2402,8.6,101924.2
2403,5.7,75343.9
2404,8.4,102525
2405,4,51155
2406,4.4,66911.5
2407,9.7,105765.5
2408,5.9,81000
2409,9.8,122128.2
2410,10,117121.9
2411,10.4,132819.9
2412,11.1,121414.8
2413,5.7,85760.5
2414,4.5,71219.6
2415,7.4,85221.3
2416,5.1,88040.2
2417,7.6,96423.1
2418,8.8,102736.6
2419,8.6,97989.1
2420,5.1,72002.4
2421,2.8,50930.7
2422,5.7,79625.5
2423,2.6,47455.5
2424,10.8,130364.4
2425,4.8,68084.3
2426,2.7,39533.8
2427,1.3,36108.2
2428,8.1,88192.1
2429,8,102482.2
2430,4.7,64227.5
2431,1.8,42666.1
2432,5.5,84227.3
2433,4.4,61343.6
2434,8.4,110619.1
2435,7.7,94845.1
2436,5,82001.5
2437,3.4,54906
2438,11.9,132304
2439,6,85334.5
2440,8.6,103407
2441,2.5,44203.2
2442,6.3,82102.9
2443,1.3,36911.1
2444,6.6,94345.5
2445,11.6,123691.8
2446,5.2,74365.3
2447,1.4,41846.3
2448,1.3,38597.8
2449,5.3,81954
2450,2.8,50516.9
2451,1.3,35693.6
2452,9.3,116218.6
2453,6,82516.8
2454,4.2,62181.8
2455,10.9,130747.7
2456,2.3,42721.8
2457,11.5,130247.8
2458,4.5,63982.3
2459,10.8,134213.7
2460,7.6,78961.8
2461,10.1,122446.2
2462,11.8,136777.5
2463,4.2,54878.3
2464,11.6,135939.8
2465,5.3,77445.1
2466,5.2,77669.2
2467,4.7,54852.1
2468,7,98218.1
2469,2.7,46196
2470,7.1,95695.5
2471,7,94752.3
2472,9.4,108595
2473,10.2,124649
2474,5.8,77926.2
2475,4.3,54142.3
2476,3.9,67786
2477,3.1,50195.1
2478,1.6,35512.2
2479,4.8,67641.5
2480,4,63912.6
2481,11.6,134436.6
2482,7.1,95336.6
2483,4.8,62907
2484,7.4,90486.1
2485,2.5,48118.9
2486,5.9,91069.4
2487,7.9,98758.5
2488,6.4,91187.5
2489,5.4,76278.5
2490,11.9,134903.6
2491,10.7,124426.8
2492,7.9,98159.1
2493,7.3,96860.3
2494,7.8,106502.4
2495,3.2,57235.8
2496,5.3,82010.7
2497,1.4,33004.8
2498,6.2,81412.3
2499,7,86695
2500,3.5,59731
2501,11.6,132501.2
2502,11,132916.5
2503,8.9,104158.4
2504,6.9,89984.1
2505,10.6,128572
2506,2.4,36330.2
2507,9.7,128335.6
2508,2.4,45689.8
2509,9.7,105531.9
2510,4,63848.1
2511,10.6,125658.4
2512,11.4,131973
2513,2.6,55308.2
2514,6.1,86572.8
2515,11.8,137937.1
2516,6.3,87065.4
2517,10.5,123480
2518,7.5,105425.2
2519,5.1,65041.8
2520,4.1,64786.2
2521,3.2,55786.7
2522,9.4,118034.6
2523,5.3,69760
2524,6.6,77694.3
2525,6.4,86352.1
2526,7.4,95878.7
2527,10.5,132604.4
2528,11.8,129141.7
2529,5.5,83123.5
2530,10.1,133557.1
2531,9.4,111658
2532,7.3,86697.2
2533,11.5,131403
2534,3.2,55215.7
2535,2.2,48808.9
2536,10.4,119760
2537,5.8,88644.3
2538,10.3,116107.7
2539,10.8,117408.8
2540,1.7,46979.4
2541,10.7,113414.2
2542,5.9,79759.2
2543,6.6,104791.6
2544,7.9,99364.8
2545,11.2,124327.8
2546,1.2,35964.3
2547,6.2,83581.7
2548,8.6,106684.9
2549,8.9,113126.6
2550,8.6,100475.9
2551,2.5,57709.5
2552,4.3,66790.9
2553,4.9,75650.7
2554,9.8,114406.4
2555,4.1,70468.6
2556,3.3,54763.4
2557,11.5,135376.5
2558,1.1,30001.5
2559,12,132446.3
2560,8.4,108501.9
2561,10.1,117936.5
2562,4.2,60149.1
2563,1.2,32189.5
2564,9.1,114907.9
2565,10.2,117489.5
2566,9.1,110612.4
2567,2.6,49231.4
2568,9.3,101894.8
2569,9.5,106000.7
2570,8.2,104633.6
2571,9.4,109814.1
2572,10.3,128140.6
2573,7.7,103488.5
2574,2,47530.2
2575,6.4,95163.1
2576,1.9,41905.1
2577,5.5,80290.7
2578,5.5,73348.7
2579,1.7,54873.6
2580,4.8,81650.5
2581,2.2,45902.8
2582,9.9,120475.7
2583,11.4,140411.2
2584,1.8,40992.6
2585,11.5,129910.1
2586,6.7,93507.2
2587,4.3,65876.5
2588,1.8,43311.3
2589,6.5,81672.6
2590,9.7,107282.4
2591,8.8,109120
2592,1.6,44579.7
2593,1.8,40613.6
2594,5.4,84209.2
2595,4.2,61057.1
2596,3.6,52556.5
2597,4.1,63132.5
2598,9.8,117358
2599,11.2,135196.7
2600,5.5,72074.8
2601,11,136138.4
2602,4.5,78716.6
2603,6.2,83604.7
2604,3.5,64782.2
2605,8,94967.4
2606,11.8,142075.5
2607,7.6,102887.4
2608,4.9,76321.2
2609,8.1,101551.5
2610,2.4,30555.4
2611,10.8,123085.3
2612,6.5,83093.4
2613,5.9,75537.4
2614,7.4,95882.1
2615,7.9,96901.3
2616,1.8,37148
2617,8.5,99335.1
2618,3.7,55445.7
2619,8.9,114784.7
2620,10,116103.8
2621,9.8,114989.7
2622,7.1,89176.5
2623,6.7,90265.3
2624,2.6,51701.4
2625,9.5,97869.2
2626,4,68224.1
2627,6.5,93961.7
2628,4.1,57975.6
2629,2.5,42772.4
2630,7.9,97222.6
2631,1.6,35718.3
2632,9.2,113371.7
2633,4.5,56426.1
2634,1,28060.7
2635,6.6,96037.1
2636,1.5,33977.8
2637,4,69959.2
2638,8.8,109775.1
2639,1.7,30697.2
2640,10.2,125099.8
2641,1,34037.2
2642,3.7,57408.4
2643,9.1,112684.6
2644,4.5,69828.5
2645,2.1,48846.7
2646,5,78333.2
2647,4,64687.7
2648,10.3,114205.1
2649,4.4,64221.9
2650,9.7,132765
2651,10.8,131059.3
2652,5.8,92642.4
2653,11,136689.7
2654,5.2,74872.4
2655,11.6,136199.2
2656,2,43375.2
2657,8.6,95995.6
2658,6.4,85730.8
2659,5.3,81364.2
2660,8,96715.1
2661,8.7,109767.5
2662,1,39513.9
2663,2.8,46565.9
2664,8.8,105895.3
2665,8.3,97876.4
2666,11.6,130120.8
2667,9.4,106207.4
2668,11.5,128095.2
2669,8.7,115264.6
2670,4.3,60161.2
2671,2.2,45958
2672,9.6,112756.3
2673,8.1,107849.5
2674,1.5,46639.1
2675,5,76557.2
2676,11.5,135469
2677,6.5,85022.5
2678,5.8,72615.2
2679,6,92744.1
2680,3.3,51763.3
2681,5.1,76336.2
2682,5.1,78665.2
2683,1.6,36635.3
2684,9.4,119891.1
2685,5.6,81867.1
2686,10,129426.2
2687,10.4,120066.9
2688,3.3,49144.2
2689,8.2,99803
2690,6.2,84559.6
2691,10.7,126115.6
2692,3.4,54524.2
2693,8.5,94080.2
2694,7.7,100104.7
2695,4.2,76024
2696,2.5,51093.9
2697,8.2,105442.1
2698,9.1,114276.2
2699,4.5,69327.8
2700,8.1,106538.1
2701,5.3,77582.8
2702,8.8,106687.2
2703,3.2,50555.3
2704,10.8,125443.3
2705,4.2,65930.9
2706,5,70761.8
2707,1.6,42094.6
2708,2.2,48345.6
2709,6.7,92581
2710,3.9,69287.7
2711,10.2,121582.2
2712,1.2,28512.4
2713,5.2,71775
2714,4.7,69611.5
2715,1.2,26041.6
2716,2.4,54991.7
2717,5.6,78092.3
2718,6.4,87663.8
2719,5.4,83960
2720,6.8,85965.1
2721,7.5,99371.9
2722,1.1,34715.4
2723,6.1,81511.2
2724,11.6,130135.4
2725,6.7,97565.5
2726,8.5,102628.6
2727,4.4,70627.7
2728,9.5,104269.1
2729,9.5,121241.6
2730,6.7,94370.7
2731,11.7,136299.2
2732,2.4,46080
2733,1.2,38296.7
2734,9.5,127154.8
2735,9.9,108341.5
2736,2.3,51166.8
2737,3.9,56807.6
2738,1.2,36011.3
2739,4.2,63401.3
2740,9.5,112270.7
2741,6.7,88081.4
2742,4.8,64140.2
2743,5.1,78695.5
2744,1,24405.9
2745,4.3,68480.7
2746,8.1,99671.3
2747,11.7,129017.4
2748,10.3,123481.5
2749,1.3,28044.3
2750,10.9,127925.2
2751,9.6,107754.5
2752,9.6,117997.4
2753,6,76737.6
2754,5.4,73148.7
2755,4.3,67429.9
2756,1.7,36807
2757,3.5,57699
2758,3.7,51467.1
2759,6.3,88145.6
2760,9.2,121864.1
2761,6.2,99164.6
2762,1.6,40820.9
2763,11.5,138267.7
2764,11.4,122336.6
2765,9.6,124321.6
2766,11.9,141687
2767,7,88190.7
2768,11.6,141295.9
2769,1.8,40734.2
2770,5,69749.2
2771,3.5,60384.5
2772,3.2,48708.6
2773,2.5,54647.5
2774,7.8,93092.6
2775,9.6,109644.3
2776,7.4,89325
2777,2.6,53822
2778,9.9,115165.1
2779,8,92867.3
2780,5.3,71260.8
2781,8.4,104194.5
2782,3.9,54711.1
2783,4.8,63740.5
2784,11.1,141476.9
2785,4.2,59683.7
2786,6.2,81346.8
2787,10.8,124774.3
2788,8.8,105509.2
2789,1.7,44238.8
2790,2.6,54912.3
2791,1.1,33402.4
2792,7.9,92967.8
2793,5.9,87960.3
2794,2.5,47722.8
2795,11.5,143551
2796,6.8,76798.6
2797,3.7,60535.6
2798,6.5,97064.6
2799,8.5,102968.9
2800,1.8,40962.2
2801,4,64506
2802,9.9,115057.1
2803,6.1,80335
2804,7,89225.5
2805,5.8,75780.6
2806,1.5,45733.4
2807,2.8,54106.1
2808,5.9,82013.5
2809,3.3,60564.5
2810,1.5,38015.2
2811,10.3,117665.8
2812,11.8,132922.8
2813,9.7,116755
2814,10.4,117125.6
2815,3.7,56654.1
2816,11.6,131268.8
2817,3.2,66649.1
2818,11.5,117687.6
2819,11.9,136704.7
2820,8.8,117931.6
2821,11.8,136969
2822,7.3,97714.7
2823,3.9,61835.6
2824,5.8,75991.9
2825,7.5,83461.7
2826,1.8,43043.9
2827,7.8,94653.2
2828,11.8,131815.7
2829,3.1,51269.4
2830,9.7,126445.4
2831,11,142121.8
2832,11.4,133610.2
2833,11.6,131504.8
2834,6.7,81920.6
2835,11.8,138509
2836,9.3,122990.3
2837,2.8,49720.7
2838,6.2,70568.3
2839,8.9,112715.3
2840,3.7,65519.5
2841,8,92021.7
2842,8.3,104577.9
2843,2.8,53734
2844,7.2,92629.7
2845,9.5,110086.4
2846,6.5,91839.3
2847,1.1,33300.6
2848,1.1,26932.5
2849,4.9,59950.5
2850,11.2,137626.3
2851,3.5,61517.4
2852,8,100731.9
2853,3.4,54920.8
2854,4.5,64777.4
2855,10.3,116436.2
2856,9,107650.3
2857,2,32359.3
2858,5.7,74745.4
2859,1.3,35591.6
2860,6.3,87697
2861,8.3,102934.6
2862,2.3,51061.7
2863,4.2,71872
2864,5.4,81570.4
2865,11.1,132514.1
2866,11.9,137612.9
2867,1.5,33482.1
2868,9.4,117542.4
2869,5.1,82331.9
2870,5.3,77007.1
2871,9.3,123425.1
2872,11.1,121237.1
2873,11.5,126692.6
2874,7.3,99072.1
2875,4.9,72898.7
2876,9.7,123510.3
2877,3.8,60303.1
2878,7.2,88079.7
2879,4.9,70377.8
2880,8.2,93983.8
2881,3.6,52976.4
2882,3.1,59652.1
2883,11.1,134629.4
2884,2.1,46910.5
2885,6.6,77267.9
2886,3.4,55251.5
2887,1.4,31494.7
2888,1.4,44621.5
2889,2.9,49248.2
2890,10.5,118327
2891,4.1,63828.3
2892,11.5,129518.2
2893,7.4,103054.7
2894,5.8,75574.9
2895,7.4,86773.6
2896,6.7,75969.6
2897,9.3,113000.5
2898,4.1,60521.2
2899,4.9,63007.1
2900,10.8,133889.1
2901,11.4,136413.2
2902,10.8,126921.4
2903,5.6,85529
2904,9.6,119121.7
2905,6.2,79211.6
2906,6.5,80205.8
2907,3.3,60148.8
2908,7.5,97962.4
2909,3,54596.1
2910,4.6,64030.5
2911,10.4,126577.8
2912,3.3,51598.8
2913,1.8,41124.7
2914,1.8,49562.8
2915,11.3,128396.9
2916,6.6,78196.1
2917,5.5,70970.5
2918,9.9,124148.8
2919,10.2,122606.4
2920,4.7,68108.6
2921,8.6,103552.6
2922,9.5,117170.2
2923,8.2,97600.6
2924,2.7,51765.7
2925,10.6,121256.6
2926,6.9,85317.1
2927,4.1,60096.2
2928,5.7,76401.1
2929,1.4,37930.6
2930,2.4,48906.5
2931,9.4,93250.9
2932,1,29783
2933,5.6,75410.3
2934,6.7,97029.2
2935,1.6,33938
2936,11.7,136359.6
2937,3.5,66164.1
2938,4.3,58577.3
2939,4.3,68096
2940,3.5,53763.5
2941,1,31629.4
2942,9,105622.2
2943,11.6,130708.7
2944,3.5,72834.4
2945,8.3,107943.9
2946,9.2,117578.9
2947,10.3,125242.9
2948,5.6,69248
2949,4.3,67996.3
2950,4.6,74112.3
2951,8.8,103602.6
2952,10,124600.2
2953,3,57115.5
2954,5.1,83214
2955,10.9,125718.2
2956,9.9,112015.7
2957,11.8,134651.5
2958,9.3,120729.7
2959,5.3,64946.1
2960,7.5,84128.3
2961,8.3,103510.2
2962,1.9,39978.6
2963,7,90941.6
2964,8.8,113318
2965,2.8,48601.1
2966,9.6,104970.6
2967,7.4,106413.9
2968,11.5,127704.7
2969,1.5,32785.8
2970,3.9,68050.7
2971,7.6,94679.3
2972,4.3,64771
2973,8.9,111262
2974,9.3,119255.9
2975,2.1,43089.9
2976,6.7,96212.7
2977,6.6,75253.6
2978,5.1,76933.5
2979,11.3,126580.6
2980,10.1,127990.9
2981,8.7,107567.1
2982,8.9,104789.2
2983,6.1,86000
2984,11.1,135029.9
2985,8.6,110090.5
2986,9,104317.3
2987,10.5,121163.9
2988,4,62765
2989,9.9,117962.1
2990,3.1,58785.9
2991,4.8,58928.9
2992,4.7,71054.3
2993,11.8,134393.9
2994,10.4,118645.9
2995,8.7,103032.4
2996,9,108675.7
2997,7.2,72588
2998,11.4,128826.2
2999,6.5,80986.4
3000,5.2,76832.2
3001,2.8,46741.1
3002,9.6,114821
3003,9.1,119267.8
3004,5.2,79812.2
3005,1.3,41962.5
3006,10.2,118716.3
3007,1.1,38521.7
3008,8.7,106139.5
3009,11.7,134059.4
3010,5.8,82083.8
3011,3.6,55385.1
3012,8.8,115918.1
3013,10,118342.8
3014,7,94557.2
3015,11.6,142960.8
3016,1.6,45438.2
3017,6.6,78892.7
3018,8.9,111469
3019,10.5,128726.5
3020,3,57919
3021,9.8,111232.6
3022,7.1,88077.7
3023,5.4,81081.4
3024,2.4,43730.1
3025,10.5,122569.4
3026,2.7,59459
3027,4.4,66233.2
3028,4.2,60384.1
3029,10.6,119973.6
3030,8.4,106085.9
3031,9.8,109657.8
3032,3.8,58951.1
3033,7.9,101117
3034,7.3,100995.8
3035,10.2,124603.5
3036,11,124492.4
3037,1.1,42151.6
3038,8.4,102687.3
3039,1.6,32776.4
3040,7,90389.7
3041,4.2,72239.8
3042,4.4,67111.5
3043,4.9,71058.1
3044,7.8,108036.6
3045,4.7,61018.3
3046,9.1,103272.8
3047,5.4,67312.7
3048,1.8,43487.3
3049,9.6,116700.7
3050,4.1,72629.7
3051,5.8,80645.6
3052,8.5,103289.7
3053,4.7,68866.9
3054,1.6,40838.4
3055,5.1,63818.5
3056,11.4,147629.5
3057,8.1,103913.3
3058,8.4,105272.5
3059,8,103463.6
3060,3.2,58950.4
3061,5.6,76997.8
3062,9.3,108828.1
3063,2.1,48188
3064,4.1,65337.7
3065,4,58492.5
3066,5.8,87141.6
3067,11.8,137847.5
3068,1.7,45396.2
3069,6.7,96000.6
3070,3,53065.4
3071,11.7,136972
3072,2.2,50605.7
3073,5.4,72198.9
3074,9.1,111303.2
3075,8.8,108238.4
3076,5.7,72894.3
3077,4.8,83279.5
3078,5.4,67760.2
3079,3.9,54510.5
3080,3.3,62991.6
3081,6.3,88498.5
3082,4,56474.9
3083,4.2,67575.7
3084,8.2,110775.9
3085,11.7,134808
3086,7.6,111578.7
3087,1.8,32659.1
3088,1.8,46034.9
3089,11.5,139721.5
3090,4.3,70185.8
3091,2,42725.7
3092,7.6,94944.4
3093,7.9,101609.9
3094,8.1,106271.7
3095,3.9,65463.5
3096,1.2,41685
3097,11.6,128913.5
3098,3.8,59104.7
3099,8.4,99314.2
3100,8.8,105592.9
3101,7.7,103385.3
3102,4.4,67428.6
3103,4,77056.2
3104,7.6,97507.1
3105,10.5,124662.2
3106,11.4,133304.5
3107,2.2,41740.4
3108,2.7,50069.1
3109,11.4,138809.7
3110,9.1,111498
3111,10.7,121647.9
3112,3.2,50188.6
3113,7.5,92859.9
3114,8.7,107594.4
3115,8.5,111670.1
3116,5.5,69229.3
3117,1.2,34110
3118,7.4,95700.1
3119,3.8,50353.8
3120,6,76440.4
3121,11.5,130036.3
3122,5.4,71326.6
3123,10.2,122668.2
3124,3.1,52999
3125,8.4,101095
3126,11.7,138250.8
3127,2.1,54525.4
3128,1.1,44329.8
3129,5.8,68616.7
3130,2,47153.5
3131,9.2,111096.9
3132,11.1,130232.7
3133,5.8,77187.2
3134,3.8,61848.7
3135,5.8,80300.9
3136,9,106262.7
3137,1.1,30226.8
3138,7.5,93062.5
3139,7.7,99359.5
3140,8,103935.2
3141,3.7,64228.2
3142,8.9,105760.1
3143,2,45385.5
3144,3.2,60394.6
3145,10.7,132028.8
3146,9.1,110759.1
3147,1.2,34491.5
3148,3.7,61185.5
3149,3.4,50156.4
3150,4,61365.7
3151,3.7,64195.6
3152,1.7,44387.5
3153,6,80493.5
3154,9.1,111683
3155,7.7,92756.2
3156,8.4,108176.8
3157,1.9,42298.4
3158,11.5,131662.1
3159,10.2,119436.2
3160,9.9,117635.2
3161,10.1,117342.4
3162,11.3,134933.4
3163,7,88662.7
3164,3.2,64025.3
3165,7.8,106606.1
3166,9.2,106534.8
3167,9.1,111394.1
3168,6.7,84864.1
3169,1.8,39587.8
3170,5.1,84072.8
3171,11.1,128291.5
3172,7.4,97065.8
3173,6.9,93284.6
3174,4,56649.8
3175,5.1,67816.5
3176,10.8,120624.9
3177,8.3,98622.3
3178,9.7,100209.2
3179,6,84572.5
3180,7.9,111299.2
3181,3.7,60944.1
3182,8.8,99710.7
3183,5.7,75152.7
3184,5.9,77734.5
3185,8.1,96104.6
3186,11.3,136434.3
3187,1.7,45482.6
3188,10.1,113568.5
3189,4.2,68745.9
3190,5.9,88981.4
3191,1.2,47215.2
3192,4.3,81614.1
3193,6.5,81502.5
3194,1.6,55930.8
3195,6.4,83366.6
3196,11.2,127357.8
3197,2.2,47082.7
3198,9.4,110506.5
3199,5.5,79114.8
3200,8.2,95021.3
3201,3.9,60014.5
3202,2.8,58066.3
3203,2.8,50659.1
3204,1.8,42417.6
3205,3,56253.7
3206,8.3,109889.9
3207,10.7,116693.4
3208,10,122194.8
3209,8.5,104018.1
3210,2.2,46709.3
3211,4.2,70286.4
3212,4.4,59824.5
3213,3.7,54618.3
3214,6.7,77009.8
3215,6.9,86897.8
3216,4.9,78836.1
3217,4.9,70400.1
3218,10.1,112932.1
3219,9.7,113628.9
3220,4.4,57973.2
3221,11.1,122994
3222,11.5,135517.2
3223,4.6,61698.6
3224,4.9,77362.4
3225,6.6,86460.9
3226,11.4,132605.9
3227,10.6,123834.5
3228,2.1,49281.9
3229,5.3,79501.8
3230,7.1,93694.5
3231,6.5,89756.9
3232,3.1,53264.1
3233,10.4,126603.8
3234,8.4,102776.4
3235,10.2,121410.8
3236,10.4,122030.5
3237,9.2,109532.6
3238,5.8,76100.4
3239,7.7,100379.6
3240,2.8,58297
3241,8.4,110872.2
3242,3,45904.7
3243,8.6,113643.2
3244,3.5,56385.6
3245,2.3,49876.9
3246,2.8,46411.8
3247,1,35299.2
3248,8.9,110765.2
3249,9.1,102129
3250,6.7,91226.7
3251,2.8,58598.3
3252,1.9,42007
3253,1.2,43892.7
3254,2.8,50466.8
3255,10.8,131653.1
3256,3.7,46999.5
3257,4.9,84650.4
3258,2.2,53611.4
3259,3.4,55820.9
3260,6.7,77243.3
3261,7.7,99084.5
3262,3.7,51727.9
3263,1.6,42787
3264,5.3,77247.3
3265,3.6,53379.1
3266,3.4,63389.2
3267,11.6,138580.3
3268,7.8,103819.2
3269,7.1,92235
3270,5.6,69602.1
3271,5.7,84355
3272,6.9,89013.1
3273,8.7,98920
3274,8.7,114846.6
3275,2.9,63885.6
3276,6.5,86054
3277,5.5,89194.9
3278,10.6,125299.7
3279,7.9,97806.4
3280,6.9,86126.2
3281,2.3,55448
3282,7.7,92891.4
3283,2.3,50593.1
3284,4.7,66223.8
3285,2.6,46572.5
3286,8.6,112000.1
3287,3.3,53612.8
3288,5.3,72768.1
3289,10.9,133737.8
3290,3.2,64469.5
3291,6.6,90689.4
3292,5.6,74219.8
3293,1.2,33326.8
3294,9.7,117151.9
3295,1.8,43270.1
3296,6.2,78072.6
3297,7.2,96623.7
3298,7.9,100101
3299,8.6,96286.8
3300,3.8,55431.1
3301,1.1,32516.3
3302,9,109092.4
3303,6.9,100544.4
3304,10.2,122544.1
3305,10,114979.5
3306,10.3,123195.3
3307,6.3,82754.6
3308,4.7,70794.7
3309,9.7,119826.8
3310,6,87972.1
3311,3,53231.1
3312,10.4,132337.5
3313,10.7,131117.6
3314,6.1,78814.8
3315,1.8,54524.7
3316,5.3,76441.1
3317,9.8,113155.5
3318,10.9,137280.3
3319,3.2,67068.1
3320,1.7,41075.4
3321,10.7,122681.9
3322,5.3,73812.7
3323,7,94610.8
3324,11.6,142074
3325,1.7,44407.7
3326,8.1,102259.4
3327,1.8,50378.3
3328,5.1,71578.6
3329,9.8,123619.3
3330,5.8,77746.5
3331,12,140365.1
3332,7.1,91777.1
3333,4.5,67370.5
3334,3.4,55068.3
3335,4.9,78255.1
3336,5.1,68924.3
3337,1.8,37301.5
3338,5.1,84575.9
3339,6.1,88023.7
3340,9,96088.8
3341,8.2,99404
3342,8.8,97841.3
3343,1.1,29851.3
3344,3.4,39373.9
3345,8.3,102313.9
3346,6.3,78222.9
3347,1.1,35185.5
3348,9.8,108837.3
3349,9.5,115095
3350,7,88985.9
3351,1.7,49606
3352,9.4,121869.4
3353,7.4,99366.6
3354,9.6,113756.1
3355,9.3,123544.3
3356,9.8,109085.2
3357,6.7,80296.1
3358,2.5,48416.3
3359,8.4,116669.4
3360,7.8,97664.6
3361,9.2,110430.3
3362,2.9,43894
3363,3.1,59855.4
3364,10.8,132186
3365,9.2,116670.6
3366,11,125189.5
3367,9.3,109214.4
3368,7.6,89141
3369,8.2,102764
3370,10.8,120680.9
3371,7.4,87880.7
3372,8,97665.7
3373,2.7,47828.5
3374,6.2,80553.7
3375,8.9,111375.7
3376,4,62904.6
3377,3.2,53711
3378,4.5,67943.7
3379,3.7,53857.4
3380,3.4,57227
3381,5.7,79303.4
3382,11,120262.5
3383,6.6,92574.7
3384,3.1,48903.4
3385,1.8,42804.3
3386,8.7,113174.7
3387,5.2,79266.3
3388,10,119919.1
3389,8.3,100826.9
3390,9.8,122365.6
3391,4,66339.8
3392,8.6,102810.6
3393,3.9,57302.2
3394,11.3,120325.2
3395,8,101310.3
3396,4.6,67568.6
3397,4,68667.4
3398,3.1,56152.7
3399,8.6,113966.8
3400,3.4,53133.9
3401,7.5,102544.3
3402,3.9,58849.1
3403,8.3,107457.9
3404,10,110853.4
3405,9.6,116488.4
3406,9.4,102289.9
3407,3.1,52318
3408,2,45948.2
3409,8.7,104040.3
3410,5.1,66713.6
3411,5.8,83971.9
3412,1.3,36957.5
3413,3.9,58543.3
3414,1.4,38033.1
3415,10.7,140433.5
3416,3.7,66049.6
3417,7.1,98734.3
3418,1.4,40785.6
3419,8.3,104547.6
3420,4.6,54477.7
3421,10.9,123839.6
3422,10.8,123930.3
3423,4.6,57627.5
3424,10.9,121480.3
3425,12,126771.4
3426,10.1,119885.4
3427,10.3,126700.7
3428,3.7,66371.6
3429,7.3,96565.6
3430,1.7,35902
3431,2,33360.7
3432,12,128308.1
3433,4.6,61156
3434,9.2,107101
3435,9.9,117257.3
3436,10.4,117818.1
3437,12,139896.7
3438,3.7,58102.7
3439,1.4,38551.6
3440,5.5,83417.7
3441,2.4,41220.1
3442,1.2,38970.7
3443,5,71686.2
3444,9.6,113902.5
3445,7.2,98102.8
3446,4.4,71726.8
3447,8.2,97023.9
3448,3.6,57397.7
3449,1.2,37365.7
3450,9.4,112225.7
3451,7.9,102407.4
3452,9.4,115111.6
3453,1.4,48593.5
3454,10.2,112759
3455,7.8,98013
3456,7.2,87782.5
3457,7.9,102604.7
3458,10.5,115112.3
3459,7.5,97246.5
3460,7.4,91164.4
3461,11.9,133173.4
3462,9.3,104871.1
3463,5.9,77673.7
3464,8.8,113896.3
3465,5.3,74617.6
3466,3.5,61599.7
3467,7.6,105649.4
3468,11.2,132257.2
3469,11.2,127757
3470,4.8,72452
3471,6.8,86106.3
3472,3.3,53476.9
3473,12,129294.3
3474,11.8,141464.6
3475,8.1,99655.8
3476,9.8,118934.9
3477,8.9,102839.4
3478,7.5,98394.5
3479,1.6,35582.9
3480,6,80778.3
3481,8.4,109350.7
3482,8.5,109149.2
3483,5.1,72960.9
3484,11.4,122299.2
3485,2.8,68430.8
3486,6.5,96073.2
3487,8.6,110156.5
3488,8.7,102553.2
3489,8.1,101088.7
3490,4,59875.4
3491,2.7,57603.3
3492,8,101871.8
3493,7.6,92210.3
3494,3,50309.7
3495,8.8,113866.8
3496,6,90560.9
3497,8.3,112258.1
3498,10.2,125575.5
3499,2.9,50528.7
3500,1.2,18161.6
3501,9.6,116947.3
3502,7.7,97665.7
3503,8.7,107808.2
3504,10.2,121725.4
3505,9.8,110333.5
3506,11.6,137302.4
3507,6.9,93543.8
3508,6.4,88892.7
3509,5.4,81367.5
3510,2.7,53652.2
3511,7.3,91527.5
3512,4,62697.4
3513,11.1,130577.2
3514,7.4,95522.8
3515,7.5,101505.7
3516,4.9,74791.8
3517,1.6,51319
3518,1.3,49936.6
3519,5.7,78749.1
3520,1.9,21634
3521,7.7,104296.1
3522,10.7,122853.1
3523,10.7,121594.8
3524,8.2,100577.5
3525,3.3,53758
3526,10.5,127430.1
3527,10.7,117686.8
3528,3.2,48713.6
3529,9.1,112872.2
3530,4.2,67565.3
3531,9.8,121319.8
3532,12,133559.5
3533,1.3,31948.8
3534,10.9,124745.8
3535,7.8,100361.7
3536,11.7,143787.7
3537,6.1,71186.3
3538,10.3,121149.4
3539,1.7,33331.6
3540,4.7,59910.9
3541,1.7,46671.8
3542,11.7,138730.2
3543,10,121735.5
3544,10.4,128070.5
3545,11.3,129116.6
3546,1.9,40725.3
3547,5.2,86603.6
3548,1.8,40303.4
3549,3.3,60320.9
3550,3.5,58176.3
3551,6.2,72726.1
3552,4,50781.4
3553,2.1,41557.1
3554,2.8,57614.5
3555,2.6,54015.5
3556,11.7,140560.6
3557,9.4,107706.7
3558,11.6,143932.6
3559,5.8,74613.3
3560,4.1,64424.6
3561,9.8,117222.5
3562,4.6,67239.8
3563,4.3,72904.4
3564,3.6,54524
3565,2.4,40231.2
3566,3.8,61069.2
3567,4.9,68997.6
3568,8.4,123246
3569,1.7,44584.8
3570,3.3,53891.2
3571,9.9,112490
3572,2.6,39056
3573,4.8,64182.9
3574,10.5,124821.8
3575,2.7,58384.3
3576,1.9,49171.1
3577,6.3,85946.8
3578,4.3,63927.4
3579,7.2,94367.4
3580,9.8,114953.1
3581,2.5,58163.8
3582,7.4,93603.6
3583,6.6,86362.8
3584,2.6,36884.1
3585,7.9,98069.6
3586,4,67420.6
3587,6.4,79037.6
3588,1.9,38652.3
3589,6.1,86504.6
3590,4.4,57897.4
3591,10,125699.6
3592,1.6,37245.3
3593,5.6,75639.3
3594,6,75667.1
3595,9,111776.3
3596,7.3,107750.8
3597,8.3,108024.8
3598,9.5,110239
3599,10.5,130274.2
3600,4.5,65154.5
3601,6.9,97911.6
3602,10.2,126138
3603,11.9,120693
3604,10.8,121148.4
3605,5.1,78193.1
3606,3.1,55433.7
3607,6.4,79445.4
3608,9.2,107848.4
3609,6.4,74840.7
3610,6.3,84030.4
3611,10.2,133794.1
3612,5,76367.1
3613,10.5,135922.3
3614,5.5,81519.7
3615,4.6,74163.6
3616,6,92529.3
3617,9.4,115663.9
3618,2.4,46349
3619,3.2,60490.5
3620,11.5,141330.4
3621,2.9,49856.5
3622,7.2,89278.1
3623,7.4,95294.1
3624,6.4,89844.2
3625,8.1,105782.1
3626,3.5,50224.5
3627,7.1,102436.9
3628,5.1,69400
3629,8.3,101595.9
3630,2.6,43930.6
3631,7.3,108729.8
3632,3,54910.6
3633,4.1,58504.3
3634,3.4,61864
3635,3,57605.1
3636,10.1,119080.7
3637,4.1,68698
3638,11.2,126057.2
3639,11.7,132365.2
3640,7.3,82439.2
3641,2.6,41759.5
3642,5.1,83340.6
3643,9.8,126401
3644,5,72856.2
3645,2,52642.7
3646,7.1,91280.6
3647,10.3,120786.9
3648,9.8,117350.4
3649,2.9,51803.6
3650,8.4,103028.4
3651,3.4,63613.4
3652,3.4,57820.3
3653,10.6,129141.8
3654,3.7,66018.7
3655,3.9,63833.4
3656,1,28940.3
3657,10.6,117238.5
3658,9.7,117520
3659,7.9,98551.1
3660,9.3,112776.7
3661,2.7,50013.8
3662,6,96388.1
3663,4.9,63368.6
3664,2,32918.3
3665,6.3,86689.9
3666,11.1,127903.7
3667,1.4,40229.8
3668,4.2,67860.5
3669,3.3,63052.7
3670,3.6,50624.9
3671,11,125616.3
3672,6.1,85351.4
3673,6.1,87078.2
3674,9.4,125625.5
3675,2.7,55701.9
3676,6.4,84631.6
3677,5.7,74015.6
3678,7.6,93191.2
3679,12,134887.3
3680,9.5,117946.1
3681,5.4,77093.3
3682,10.1,112920
3683,2.9,49605.6
3684,1.3,42372.1
3685,3.2,57517
3686,4.7,72863.7
3687,6.6,89514.1
3688,7.8,107335.6
3689,11,130275.2
3690,6.6,85138.6
3691,6.5,81284.6
3692,1.6,40916.7
3693,1.4,24278.7
3694,7.1,90560.4
3695,5.8,78695.6
3696,10.2,113900.4
3697,2.8,45809.8
3698,1.3,41421.6
3699,5.9,82265.7
3700,3.6,59553.2
3701,1.5,41168.7
3702,9,110137.8
3703,2.2,52848.3
3704,7.7,98222.9
3705,4.1,55358.8
3706,2.9,61448.8
3707,5.2,75844.1
3708,9.8,114313
3709,5.3,68047
3710,9.3,114554.3
3711,2.4,46687.2
3712,9.5,123430.1
3713,3.6,56992.9
3714,8.5,100030.2
3715,7.2,98120.2
3716,11.2,136056.6
3717,5.3,75503.3
3718,1.7,44958.2
3719,1.2,36078.6
3720,10.1,121557.5
3721,6.8,95358.9
3722,9.5,118381.2
3723,3.6,57720
3724,4.8,77731.9
3725,1.3,24203.1
3726,11.6,145720.1
3727,8.3,94182.9
3728,11.3,127797.7
3729,3.9,61667.6
3730,7.7,97040.4
3731,8.5,110455.8
3732,4.5,61391.8
3733,10.3,123917
3734,11.4,129521.8
3735,10.7,127928.9
3736,9.1,110761.6
3737,4.1,63660.2
3738,4.1,60496.8
3739,11.6,131586.7
3740,1.1,36973.7
3741,8.9,114008.5
3742,8.8,104366.5
3743,7.8,94168.3
3744,11.9,140650
3745,4.4,66536.1
3746,4.7,74282.3
3747,1.9,37438.6
3748,5.9,70376.1
3749,3.9,58453.5
3750,4.8,65707.6
3751,10.2,120610.9
3752,11.3,127980.1
3753,3,57748.8
3754,5.1,71409
3755,11.2,131670.4
3756,1.7,41604.6
3757,2,44989.2
3758,2.8,51085.3
3759,7.5,99025.6
3760,2.7,45490.4
3761,11.6,142754.9
3762,5.9,79411.2
3763,6.5,79096.5
3764,3.7,60989.9
3765,6.2,78494.4
3766,8.3,106824.4
3767,9.3,124738.9
3768,9.3,108263.9
3769,7.4,96228.3
3770,10.9,118489.1
3771,10,121805.6
3772,9.3,108040
3773,1.6,36584.2
3774,1.1,28854.7
3775,3.3,60476.2
3776,8.3,108904
3777,5.5,77172.7
3778,5.4,71294.2
3779,10.7,135139.3
3780,10.9,123195.2
3781,11,116716.4
3782,4.5,69489
3783,8.6,99955.2
3784,4,68062.6
3785,3.1,51980.6
3786,3,56866.6
3787,4.8,77697.3
3788,5.7,72232.1
3789,10.1,117510.2
3790,2.3,46337.6
3791,9.1,119291.4
3792,6.8,85861
3793,4.2,60905.5
3794,6.4,88200.3
3795,4.3,62249.1
3796,7.6,97113.5
3797,5.8,70719.8
3798,2.8,63770.7
3799,2.3,38880.5
3800,7,89327.7
3801,10.9,127922
3802,4.8,80748.2
3803,9.1,103084.6
3804,8.2,113858.7
3805,11.2,135367
3806,10,121971.2
3807,7.2,87690.4
3808,8.2,105790
3809,10.9,123639.3
3810,5.4,82911.2
3811,4.6,62838.1
3812,1.1,34789.2
3813,10.1,117112.7
3814,9.8,112037.5
3815,2.1,49301.7
3816,7.3,97256.5
3817,6.1,89289.7
3818,2.3,36684.8
3819,11.8,142178.7
3820,3.4,70626.3
3821,1.7,38761.5
3822,7.5,106730
3823,9.1,109631.4
3824,1.4,29996.1
3825,8.2,101062.5
3826,6.9,95491.3
3827,2.1,40345.4
3828,2.9,48874.8
3829,7.2,96657.9
3830,4.3,65121.5
3831,11.3,135104.9
3832,10,120735.8
3833,11.8,139221.6
3834,3.9,58873.4
3835,11.7,136396.4
3836,5.7,73938.8
3837,4.8,77627.6
3838,1.6,35985.1
3839,1.6,46095.6
3840,8.6,104926.1
3841,6,83029.3
3842,3.5,55077.1
3843,7.8,92438.6
3844,3.8,50825.9
3845,7.4,88441.3
3846,5,69826.4
3847,10.1,121090.9
3848,10,125259.2
3849,6.3,81425.8
3850,4.9,65833.7
3851,5,63918.4
3852,9.9,120736.4
3853,4.6,76147.2
3854,3.3,63111.2
3855,1.9,47071.4
3856,6.1,86381.5
3857,6.3,93908.8
3858,10.2,123567.3
3859,3.4,60909
3860,5.2,72108.2
3861,9.9,110715
3862,10.1,116089.4
3863,5.2,74227.1
3864,6.1,82363.8
3865,4.3,76596.5
3866,11.3,131691.3
3867,2.3,53223.3
3868,11.3,128928
3869,8.5,103642.9
3870,6.8,82123
3871,1.4,33541.9
3872,6.2,86683.1
3873,5.5,76725.7
3874,2.8,56329.7
3875,8.2,103545.2
3876,11.7,133277.9
3877,7.2,104750.8
3878,8.9,108071.3
3879,1.8,47917.1
3880,5.6,75470.9
3881,2.3,50361.7
3882,7.7,103187.5
3883,11.3,133018.9
3884,8.3,89923.3
3885,1.8,42383.9
3886,4.9,78046.3
3887,7.1,94489.1
3888,5.4,78704.6
3889,10.2,111324.2
3890,10,114954
3891,7.7,100198.1
3892,5.1,75413.8
3893,3.8,67632.7
3894,2.2,44493.6
3895,4.9,73459
3896,5.5,77338.8
3897,8.4,99030.6
3898,8.2,90099.1
3899,1.8,43996.1
3900,5.3,76357.9
3901,3,49737.1
3902,2.7,41544.3
3903,10.1,123817.4
3904,1.5,37168.2
3905,5.6,80986.1
3906,2.9,62206.7
3907,10.7,113729.2
3908,7.1,88290.1
3909,3.5,57179.2
3910,6.5,94660.7
3911,9,101185
3912,11.5,144719.5
3913,3.4,57973.1
3914,10.7,125879.5
3915,11.3,130311.1
3916,11.1,127120.1
3917,8,106210.3
3918,7.9,93792.5
3919,5.4,78143.3
3920,9.3,110361.2
3921,6.8,85264.1
3922,8.5,119178.4
3923,5.7,81179.5
3924,9,113766.3
3925,10.1,126364.1
3926,2.6,41571.9
3927,10.2,130679.7
3928,6.9,76431.6
3929,10.3,117801.8
3930,5.7,76564.9
3931,5.2,76952.3
3932,11.1,130641.4
3933,3.8,59474.3
3934,10.3,121986.6
3935,6.3,79142.7
3936,6.7,79365.6
3937,4.4,70426
3938,7.3,97744.9
3939,4.6,76964.3
3940,1.4,33962.4
3941,4,66446.5
3942,1.1,33374.8
3943,11.8,142654.9
3944,11.6,140402
3945,5.3,76555.5
3946,9,108113.3
3947,4.8,75618.1
3948,8.4,107675.5
3949,9.9,114194.8
3950,11.4,125288
3951,5.4,74286.6
3952,9.6,124195.9
3953,3.9,68352.5
3954,11.9,131022.6
3955,1.3,30446.8
3956,7.6,104162.8
3957,8.3,96503
3958,8.6,108668.2
3959,2.3,43367.3
3960,11.3,140900.5
3961,3,48823.8
3962,7.9,105426.8
3963,3.4,58479
3964,4.4,67643.5
3965,7,80084.2
3966,5.6,65346.5
3967,2.8,49720.1
3968,2.9,53447.6
3969,5.6,71472
3970,9.3,106929.4
3971,10.9,130781
3972,1.9,46190.7
3973,5.3,74390.9
3974,2.1,49081.6
3975,1.2,29456.8
3976,8.3,101093.1
3977,7.6,106137.5
3978,2.8,51626
3979,3.6,59309.2
3980,1.3,49657.5
3981,10.2,113265.4
3982,11.7,140070.5
3983,2.5,57684.2
3984,3.5,56543.3
3985,10.6,129376
3986,11.2,125112.2
3987,5.6,74078
3988,1.6,41713.1
3989,1.4,42858.5
3990,7.3,100228.3
3991,5.3,83916.9
3992,1.3,36899.4
3993,7.4,101601.7
3994,1.1,33558.9
3995,9.7,121189.7
3996,4.4,67312
3997,1.4,40975.2
3998,7.5,97825.4
3999,5.4,66663.7
4000,11.7,129238.2
4001,7,91440.8
4002,4,53473.8
4003,8.8,112692.2
4004,4,67393.4
4005,10.9,130123.4
4006,5.1,66980.9
4007,7,99174.5
4008,1.6,50947.4
4009,5.7,79415.7
4010,10.2,123676.9
4011,9.9,119173.1
4012,3.5,60581.8
4013,3.5,57130.4
4014,10,119063.4
4015,11.2,136077.5
4016,2,57327.7
4017,6,73252.3
4018,4.7,68795.9
4019,10.6,118204.7
4020,1.9,51883.2
4021,3.3,52958
4022,9.3,104446.5
4023,1.6,43198.9
4024,6.4,95251.3
4025,5.9,83965.9
4026,4.7,70204.3
4027,5.3,77601.7
4028,6.8,97297.1
4029,2.8,46183.7
4030,7.3,93131.4
4031,9.9,115491
4032,9.4,106785.8
4033,2.7,48459.7
4034,2.6,56007
4035,3.9,65343.2
4036,5,75434.7
4037,5.5,77576
4038,8.5,107878.8
4039,1.6,35713.1
4040,1.4,36171.6
4041,5.3,76110.8
4042,8.7,108319.9
4043,3.1,56196.2
4044,8.1,100208.7
4045,3.9,59196.6
4046,10.7,144064.8
4047,10.9,132475.5
4048,4.3,67511.4
4049,3.5,56901.8
4050,5.5,74529.8
4051,3.6,58569.9
4052,8.4,105829.7
4053,10.1,109651.7
4054,8.4,95489.7
4055,10.1,116427.6
4056,5.4,76723.7
4057,2.7,49209.2
4058,9.1,119273.5
4059,5,63479.7
4060,8.4,99874.9
4061,4,70931.9
4062,1.9,43475.2
4063,11.9,142424.7
4064,2.7,62005.9
4065,11.9,133164.3
4066,11.8,135330.6
4067,9.7,115291.8
4068,8.3,91914.7
4069,7.4,92625.2
4070,10.5,129256
4071,4.2,67408.3
4072,6.1,86375.4
4073,7.8,96583.6
4074,5.5,73372.3
4075,5.7,85832.9
4076,4.6,65850.1
4077,7.2,94594.3
4078,10.4,123628.4
4079,3.2,63420.9
4080,11.3,136864.2
4081,8.6,98685.4
4082,10.1,113236.2
4083,7.1,95351.2
4084,9.6,114968.8
4085,1.2,33436.8
4086,10,125047.9
4087,1.4,39518.9
4088,10.8,127097.6
4089,11.9,141773.1
4090,4.2,62768.7
4091,3.3,64931.9
4092,9.4,109450.6
4093,3.8,64273.7
4094,10.5,132291
4095,2.1,37286.7
4096,2.4,45471.2
4097,11.8,142467.8
4098,8.4,110814.8
4099,10.3,121372.7
4100,4.6,63903.7
4101,8.4,109964
4102,7.5,102687.8
4103,7.6,90482.5
4104,8.5,98514.8
4105,7.3,95366.1
4106,5.7,82418.4
4107,4,61307.8
4108,9.5,117990.5
4109,3.5,53848
4110,8.6,94442.6
4111,3.6,56182.5
4112,7.9,99654.6
4113,9.2,110414.1
4114,3.4,50554.4
4115,1.7,30376.1
4116,2.4,45038
4117,7.7,102311
4118,10.3,129622.4
4119,1.5,45617.3
4120,9.1,106050.3
4121,4.8,63326.5
4122,6.3,86818.2
4123,11.2,134404.2
4124,4.7,71044.2
4125,6.1,71407
4126,1.2,30872.8
4127,1.9,42614.3
4128,3.8,63903.2
4129,1.3,41484.2
4130,7.9,100736
4131,5.7,80471.8
4132,7,91752.2
4133,2.9,56286.7
4134,4.3,66809.7
4135,8.3,103670
4136,11.6,133140.2
4137,1.6,39993.5
4138,10.8,129563.1
4139,7.3,95760.4
4140,7.2,95046.9
4141,6.5,93810.4
4142,1.8,42994.5
4143,2,40011.6
4144,7.6,101703.9
4145,4.8,62100.8
4146,11.1,123600.5
4147,5.5,78441.1
4148,2.6,52079.9
4149,8.9,101630.5
4150,4.2,62651.4
4151,6.8,85531.3
4152,8.7,104116.1
4153,10.9,133156.9
4154,9.7,120596.9
4155,8.4,104498.7
4156,8.5,101892.7
4157,11.4,125079.3
4158,4.3,72990.7
4159,1,37724.9
4160,4,58616
4161,3.4,60971.9
4162,8.3,102702.9
4163,8,98566.7
4164,7.5,98421.9
4165,1.2,31840.2
4166,9,108132
4167,4.6,68608.2
4168,8.3,100637.5
4169,7.1,95895.8
4170,4.8,80376.8
4171,2.5,44069.2
4172,2,34801.5
4173,10.1,109540.3
4174,11.1,128923.8
4175,8.1,98134.9
4176,2.1,46212.5
4177,5.4,76830.2
4178,9,101105.8
4179,9.6,105211.3
4180,2.3,48241.8
4181,1,35058.7
4182,8.8,105943.3
4183,4.9,62099.4
4184,3.8,63387.4
4185,1.1,42751.4
4186,6.9,92016.5
4187,10.4,118035.8
4188,11.5,134092.7
4189,7.2,85467.7
4190,6.7,93692.3
4191,1.9,43597.4
4192,7,81465.6
4193,5.2,72115.4
4194,7.7,100000.4
4195,5.3,72843.7
4196,3.6,57734.3
4197,2,37322.9
4198,4.5,70201.9
4199,2.1,40718.1
4200,2.9,40627.6
4201,11.9,134855.2
4202,5.9,85949.2
4203,6.9,87422.3
4204,10.6,134829.3
4205,12,140185.9
4206,7.4,96765.4
4207,9.9,118036.4
4208,4.6,67901.7
4209,4.4,64607
4210,5.4,74468.7
4211,8.4,107173.6
4212,8.5,99978.5
4213,4.5,61050.7
4214,2.5,41864.3
4215,8,111474.9
4216,2.4,50603.3
4217,7.4,96134.9
4218,8.6,100465.4
4219,8.7,110612.2
4220,9.3,111969.4
4221,10.6,126229.2
4222,6.5,80807.4
4223,9,111103.5
4224,7.8,96290.8
4225,3.1,49418
4226,1.3,41073.7
4227,4.1,55277.2
4228,5.9,83509.6
4229,7.8,102273.7
4230,10.3,117732.1
4231,3.2,50110.5
4232,2.4,46101.8
4233,11.6,136028.6
4234,2.2,44674.6
4235,6.3,86461.6
4236,7.4,105025.9
4237,7,87734.6
4238,1.9,33649.8
4239,1.6,44844.7
4240,2.2,54676.3
4241,7.4,97366.1
4242,7,84799.8
4243,3.6,57902.6
4244,8,94339.7
4245,10,123138.7
4246,1.5,31063.8
4247,6.5,84400.2
4248,8.6,100335.4
4249,3.8,61235.1
4250,4.4,64242.2
4251,7.8,99074
4252,10.9,127763.1
4253,9.9,112972
4254,7.4,98419.8
4255,9,109931.7
4256,5,66693.4
4257,8.1,113457.6
4258,6.1,85421.7
4259,3.1,53184.9
4260,8.7,115157.4
4261,7.1,102441.9
4262,4.9,70763.9
4263,11,130974.1
4264,1.2,30949.3
4265,4.5,66299.5
4266,1.6,39097.8
4267,9.4,115011.9
4268,8.7,109142.7
4269,4.6,71872.7
4270,8.4,105861.9
4271,5.4,68685.1
4272,9.3,107662.5
4273,6,78454.8
4274,5.5,75576.2
4275,11.3,137338.9
4276,3.8,53873.7
4277,2.3,44819.9
4278,7.4,100390.4
4279,11.7,133381.8
4280,5.2,76149
4281,1.7,39966.5
4282,4.7,71004.7
4283,6.6,85611.9
4284,2.8,54860.2
4285,8.2,94067.6
4286,12,135982.1
4287,6,82914.7
4288,4.9,74156.5
4289,5.4,84299.8
4290,2.3,44080.9
4291,10.7,134387.4
4292,5.6,73733.8
4293,5.3,81985
4294,8.3,107444
4295,5.9,75139.2
4296,8.1,103398.7
4297,1.7,40399
4298,10,122382.6
4299,11.3,130814.6
4300,8.1,100018.9
4301,11.5,141180.9
4302,2.7,49487.4
4303,6.3,88546.7
4304,7.6,95595.5
4305,7.4,104089.5
4306,5.4,72236.7
4307,4.7,66007.6
4308,2.4,56006.6
4309,5.3,72531.5
4310,2.8,60160
4311,9.1,115622.4
4312,3.3,55141.2
4313,1.6,30246
4314,7.1,91608.3
4315,7.5,96740.3
4316,10.6,131460.3
4317,7.3,103157.8
4318,4.8,66380.3
4319,9.8,122251.1
4320,6.9,94740.1
4321,1.9,48541.9
4322,7.2,95906.8
4323,11,117823.8
4324,5.4,74625.6
4325,4.3,58638.3
4326,2.6,48078.8
4327,2.7,55521.1
4328,5.8,80991
4329,7.6,102639
4330,1.9,44589.2
4331,11.3,124705.6
4332,9.3,98697.3
4333,7.5,96109.6
4334,10.1,119217.7
4335,1.9,37170.4
4336,6.2,74355.4
4337,7.9,95687.3
4338,10.1,119348.7
4339,9.6,119463.1
4340,4,64154.2
4341,11.3,141094.6
4342,2.4,41432.7
4343,10.6,130194.8
4344,11.7,135491.5
4345,2.9,56597.8
4346,8.9,106915.6
4347,1.4,44478.7
4348,5.5,78092.6
4349,6.7,84166.1
4350,7.4,94588.7
4351,11.3,130248.8
4352,8.4,106913.8
4353,6.3,77729.4
4354,9.9,118299.4
4355,11.5,135316.2
4356,1.2,36776.6
4357,11.8,143963
4358,1.9,47579.9
4359,10,118911.5
4360,4.1,64650.6
4361,2.5,49691.6
4362,5.8,82276.2
4363,8.1,91028
4364,5.2,72211.8
4365,1.6,31669.2
4366,7.6,103760.1
4367,10.9,127762.3
4368,5.2,73052.1
4369,3.4,61800.8
4370,5.9,82665.5
4371,1.5,33014.1
4372,10,119191
4373,10.1,118321.7
4374,7.5,85665.1
4375,4.9,67143
4376,9.8,116408.9
4377,7.1,91314.8
4378,10.1,111864.8
4379,7.9,106378.2
4380,9.6,115265.8
4381,7.6,96728.5
4382,5.6,79588.3
4383,11.5,129469.3
4384,7,93098.7
4385,7.7,95144.3
4386,3.4,52204
4387,7.9,102541
4388,7.3,102058
4389,3,57565.3
4390,1.7,45653.5
4391,7.6,94209.7
4392,9.4,104749.7
4393,6.8,97038.4
4394,3.5,69360
4395,8.3,112210.3
4396,1.9,40747.4
4397,5.9,73769.8
4398,2.8,45320.7
4399,3,44057.1
4400,3.2,54726.1
4401,5.3,83475.2
4402,1.6,38823
4403,5.4,77339.2
4404,6.6,95182.3
4405,6.3,82276.7
4406,5.2,85471.2
4407,10.2,132667
4408,2.6,48671.6
4409,6.6,83635.5
4410,1.7,44646.3
4411,1.8,39751.4
4412,7.3,87483.8
4413,7.2,100300.3
4414,10.7,132371.8
4415,7.1,93158.5
4416,11.6,127006
4417,1.5,32484.4
4418,2.1,45085.6
4419,1.5,36083.5
4420,3,51650.2
4421,7,96277.8
4422,8.1,105505.1
4423,1.5,46743.3
4424,11.4,127091.8
4425,10.3,119921.7
4426,4.3,69375.2
4427,1.8,44827.4
4428,2.9,60527
4429,2.4,49845.6
4430,2.4,57448.2
4431,6.7,91222.2
4432,3.7,65793.6
4433,4.9,69717.5
4434,11.9,137236.7
4435,8.5,110526.4
4436,11.4,141964.1
4437,2.6,53194.8
4438,5.2,73556.3
4439,7.1,99664.4
4440,1.8,30019.5
4441,1,26780.3
4442,8.4,107801.2
4443,8.1,101093.9
4444,5.5,80385.5
4445,6.4,85556.6
4446,5.6,80676
4447,1.3,32239.3
4448,4.7,72350.1
4449,2.9,58266.6
4450,2.1,51354.7
4451,11.5,145008.7
4452,7.6,97966.3
4453,9,111573.4
4454,4.5,58562.4
4455,5.3,72194
4456,3.6,57846.6
4457,2.1,50251.1
4458,3,49491.7
4459,9.8,121652.6
4460,8.5,104719.7
4461,7,90160.4
4462,6.2,85075.4
4463,11.1,127997.4
4464,1.8,39459.7
4465,4.1,53933.3
4466,4.8,69287.5
4467,9.6,112947
4468,11.9,134584.2
4469,3.6,61646.9
4470,10.6,128865.1
4471,10.1,121939.5
4472,3.5,63217.6
4473,5.4,79027.2
4474,5.5,75233.5
4475,11.8,133395.5
4476,3,54851.1
4477,9.8,120578.8
4478,4.7,76854.1
4479,9,116932.9
4480,5.6,74930.2
4481,7.4,93848
4482,10.2,124600.1
4483,9.8,123863.1
4484,10.5,129613.2
4485,1.7,40138.1
4486,8.6,99224
4487,2.5,43263.7
4488,5.6,79046.9
4489,7,93237.4
4490,5.4,70018.9
4491,6.7,88560.8
4492,12,141416.5
4493,2.5,41916.2
4494,8.4,110690.7
4495,5.4,73351.1
4496,2.5,55157.1
4497,2.7,47815.7
4498,11.4,127233.8
4499,10.7,123170.4
4500,11,128052.7
4501,11.9,135195.2
4502,3.3,54744.6
4503,4.9,73113.5
4504,8.4,102905.9
4505,6.3,84219.5
4506,5.6,68231.5
4507,4.9,73682.9
4508,7.5,95522.6
4509,7.3,103135.7
4510,2.8,45827.5
4511,6.2,73223.2
4512,7.1,95287.6
4513,7.3,95517
4514,3.3,50499.5
4515,9.2,102902.5
4516,1.3,45514.8
4517,4.9,79090.5
4518,9.6,101491
4519,7.2,90352.2
4520,3.9,70752.1
4521,8.6,103876.1
4522,7.2,90534.7
4523,9.8,115486.1
4524,9.1,104435.6
4525,7.7,88185.4
4526,6.4,90929.9
4527,2.5,37836.6
4528,3.9,62846.4
4529,5.6,82821.2
4530,7.6,88479.7
4531,6.7,82529.3
4532,4.2,71039
4533,1.1,37950.1
4534,6.5,82430.1
4535,4.1,70711.9
4536,9.1,117407.4
4537,1.3,38291.9
4538,7.4,90057
4539,11.4,129852
4540,2.9,54029.4
4541,6.2,82271.3
4542,2,49052.1
4543,7.9,90783
4544,7.1,83169.7
4545,5.5,77655.1
4546,6.7,85746.3
4547,10.9,123990.2
4548,3.2,44815.8
4549,1.2,36753
4550,10.5,123572.8
4551,7.3,97943.5
4552,10.8,127267
4553,7.6,95608.8
4554,9.9,125095.9
4555,5.7,71623.1
4556,9.2,115245.3
4557,11,119863.3
4558,7.3,89081.9
4559,3,46309.5
4560,4,66612.2
4561,3.2,54581.4
4562,3.7,59883.3
4563,4.4,59961
4564,7.1,90328.2
4565,7.5,91150.3
4566,5.7,80776.9
4567,7.8,92728.7
4568,1.9,50214.1
4569,2,34053.8
4570,2.9,47649.7
4571,6.7,97531.1
4572,3.4,54109.5
4573,4.1,56392.6
4574,5.4,77135.6
4575,9.9,116032.9
4576,1.2,31064.9
4577,8.1,95672.6
4578,8.4,119308.4
4579,9.8,115911.4
4580,11.3,120489.6
4581,1.2,44744.4
4582,2.7,53701
4583,10.7,122129.2
4584,6,76742.9
4585,7.2,96753.2
4586,8.3,101838.8
4587,8.5,94116.7
4588,11.2,141146.5
4589,12,135503.7
4590,8.9,117521.5
4591,4.2,71303.7
4592,10.7,120150.3
4593,1.5,45192.3
4594,3.5,54676
4595,10.9,117142.3
4596,3.8,58554.8
4597,3.4,59458.3
4598,2.5,46068.6
4599,10.5,121885.4
4600,6.5,92673.9
4601,8.4,105048.5
4602,3.6,54433.2
4603,9.3,117021.9
4604,9.4,114405.8
4605,4.4,52691.7
4606,5.5,79383.8
4607,3.3,58286.5
4608,11.7,135923.8
4609,8.1,106394.7
4610,11.3,127683.5
4611,4.3,67716.7
4612,9.6,106812.9
4613,9.4,116185.3
4614,8.6,117117
4615,11.6,129112.6
4616,5.3,70959.2
4617,2.4,43915.7
4618,8.4,104849
4619,9,104165.1
4620,7.3,96431.1
4621,3.3,60532.4
4622,6.5,89724.2
4623,4.4,56861.1
4624,5.7,84298.1
4625,8.1,106610.1
4626,9.2,116405.2
4627,3.6,60522.8
4628,5.5,77662.9
4629,4,68050.5
4630,3.2,65702.2
4631,9.6,110401.5
4632,11,134843.5
4633,5.1,72301.5
4634,9.3,111668.1
4635,10.9,118948.1
4636,10.3,120659.8
4637,3,47724.8
4638,11.5,131110.4
4639,5.1,67312.4
4640,4.7,67051.8
4641,1.7,38516.9
4642,6.3,85376.8
4643,2.2,36600.3
4644,3.7,52050.4
4645,4.5,69268
4646,9.9,113916
4647,10.6,131313.6
4648,4.3,66999.1
4649,10.4,126952.5
4650,10.4,131295.6
4651,9.4,112051.4
4652,2.6,46334.5
4653,8.6,110931.5
4654,11.4,135382.2
4655,8.5,104200.4
4656,4.6,76550.7
4657,6.5,85146.3
4658,8.1,101604.3
4659,6.6,87490.4
4660,2.3,41540.9
4661,4.4,67170.9
4662,9.8,125517.6
4663,10.5,126330.5
4664,2.5,48744.1
4665,11.5,132393.7
4666,4.6,70329.3
4667,8.3,107338.1
4668,9.3,115856.9
4669,9.9,116843.8
4670,11.4,134424.6
4671,4.4,69509.9
4672,10.4,117907.3
4673,2.4,48927.7
4674,8.8,95500.8
4675,9.2,114124.8
4676,8.5,108439.9
4677,3.8,64706.5
4678,10.6,122841.5
4679,2.9,53579.1
4680,1.6,47836.3
4681,8.9,116784.2
4682,6.2,83560.5
4683,10.3,123340.6
4684,5.2,80364.4
4685,2.9,43398.1
4686,10.2,119439.3
4687,7,98825.6
4688,3.1,59418.3
4689,8.9,111246.7
4690,6.6,79007.5
4691,7.6,96837.1
4692,6.1,78909.5
4693,10.1,122293.3
4694,10.1,116004.9
4695,8.8,102302.9
4696,2.2,33707.8
4697,10.2,128329
4698,8.4,101814.1
4699,8.7,107632.3
4700,5,72017.6
4701,10.7,119729.7
4702,9,102659.5
4703,2.2,40380.1
4704,5.5,72642.5
4705,10.8,128487.1
4706,1.5,34754.6
4707,11.6,144003.4
4708,8.5,110640.7
4709,7.9,104449.8
4710,4,61753.5
4711,3.7,68627.9
4712,11.4,131005.6
4713,4.3,65128.6
4714,9.5,115862.1
4715,5.3,79087.6
4716,2.5,52335.2
4717,1.1,32755.1
4718,7,87892.9
4719,11.7,139308.3
4720,5.1,76669.3
4721,4.9,69228.5
4722,4.8,61190.7
4723,6.7,87249.1
4724,5.8,83591.9
4725,10.7,135860.9
4726,6.6,80147.8
4727,6.6,84694
4728,2.5,46504.3
4729,11.8,144035.2
4730,3.7,60087.3
4731,1.8,36850.5
4732,8.3,106356.2
4733,7.5,93923.5
4734,5.6,70605.5
4735,5.6,73192.4
4736,9.6,125602
4737,3.2,56790.9
4738,10,120165.7
4739,8.1,100337.7
4740,5.6,79483.6
4741,6,83477.1
4742,3.8,62610.3
4743,9.3,113122.3
4744,6.6,92469.6
4745,4.5,67780
4746,7.6,90788.6
4747,12,134379.6
4748,5.8,68476.7
4749,11.1,141337.7
4750,4.8,74987.1
4751,1.6,35345.8
4752,3.2,53952.9
4753,5.6,74259.9
4754,3.4,65755.1
4755,1,26381.8
4756,11.1,130052.3
4757,10.3,121412.2
4758,9.2,116082.8
4759,2.8,51160.8
4760,2.3,36977.9
4761,1.7,39921.4
4762,9,104124.3
4763,11.2,131292.4
4764,5.7,87072.1
4765,2.3,36955.8
4766,6.6,83086.3
4767,4.8,67468.4
4768,5.1,71126.9
4769,7.8,103024
4770,8.9,108038.1
4771,2.2,48120.5
4772,1.4,34498.4
4773,11.9,138944.1
4774,3.6,62839.6
4775,1.6,35798.8
4776,3.1,58405
4777,1.4,38640.7
4778,5.3,80873
4779,9.8,116581.1
4780,4.8,71902.3
4781,5.9,80243.8
4782,8.4,103987.1
4783,6.6,88645.4
4784,10.5,126846.9
4785,10.5,117334.6
4786,1.1,43345.3
4787,9.6,104776.4
4788,6.1,78361.7
4789,11.9,136560.5
4790,6.3,86835.8
4791,11.9,145699.6
4792,9.3,102343.7
4793,3.7,57301.5
4794,6.9,78370.7
4795,11.9,137607.1
4796,10.4,124957.4
4797,2.1,53315.2
4798,8.8,108399.8
4799,4.8,76059.2
4800,1.1,38288.8
4801,5.4,73805.9
4802,3.6,50821.8
4803,10,120957.1
4804,4.7,61019.6
4805,10.1,127561.7
4806,1,33454.1
4807,4.4,72979.3
4808,3.7,56681.8
4809,3.6,60080.8
4810,1.8,42556.8
4811,3.1,53497.8
4812,7.1,89627.8
4813,4.2,66779.6
4814,5.6,72507
4815,5.1,66710.1
4816,10.6,132298
4817,11,132469.9
4818,6.4,85909.3
4819,4.6,77929.3
4820,2.2,43902.7
4821,11.5,140800.6
4822,1.7,41540.5
4823,4.3,59508.3
4824,4.3,75616.3
4825,4.5,73143.8
4826,2.8,50699
4827,9.6,119773.8
4828,2.3,44774.2
4829,8,104933.1
4830,2.4,33800.9
4831,1.8,35927.5
4832,11,134309
4833,3.1,52665.9
4834,10,120827.3
4835,7,83381
4836,1.9,52724.7
4837,11.5,140274.1
4838,3.7,58847.4
4839,10.5,121394.8
4840,2.9,57603.5
4841,10.4,134151.2
4842,1.1,41006.8
4843,6.6,99642.3
4844,9.5,109123.6
4845,11.3,126887.7
4846,11,122160.7
4847,10,121968.1
4848,10.8,127607.2
4849,3.2,54157.2
4850,4.1,68364.4
4851,4.2,71227.5
4852,5.1,64961.2
4853,5.3,71845.4
4854,7,95490.7
4855,2.8,48302
4856,8.6,101689.3
4857,2.8,57412.3
4858,4.4,59343.7
4859,6.5,84934.2
4860,9.8,118925.6
4861,9.1,107956.8
4862,8.1,105780.6
4863,2.7,47309.5
4864,7,99040.3
4865,2,42685
4866,5.2,77278.7
4867,5.5,81454.8
4868,1.4,34927.3
4869,4,51295.9
4870,11.5,135654.9
4871,11.5,133832.1
4872,4.9,74030.6
4873,1.5,37511.6
4874,3,50508
4875,5.3,86300.5
4876,11.4,124586
4877,2.6,53080
4878,9.4,110452.1
4879,2.2,43718
4880,11.8,134526.2
4881,5.2,69474.2
4882,9.5,118077.8
4883,4.8,77686.9
4884,7.9,102172.4
4885,3.1,54836.3
4886,2.6,43960.8
4887,11.3,134699.6
4888,11.1,141745.6
4889,10.8,124421.3
4890,7.9,97209.2
4891,9.9,115179.7
4892,1.8,38737.7
4893,4.7,53747.5
4894,4.5,69172.4
4895,8,95644.8
4896,4.9,62295.2
4897,2.6,53947.2
4898,7.6,90250
4899,10,117059.2
4900,5.2,82220.1
4901,2.5,40167
4902,3.2,46173.5
4903,3.6,60490.4
4904,4.3,71900.4
4905,8.1,92312.6
4906,7.6,99046
4907,8.7,109904.3
4908,5,60465.2
4909,10.1,124417.6
4910,3.2,60415
4911,6.2,81311.2
4912,9.8,124558.6
4913,3,59380.7
4914,2.2,46295
4915,10.7,123632.2
4916,4.8,64505.5
4917,8.5,105176.1
4918,1.3,40119.3
4919,8.6,104215.4
4920,4.5,54868.2
4921,1.6,47187.1
4922,7.7,98751.7
4923,3.6,57206.7
4924,5.3,79299.9
4925,1.9,51200.3
4926,2.6,33927.3
4927,4.3,67701.2
4928,2,35650.7
4929,11,131769.2
4930,1.1,35642.1
4931,6.3,88150.2
4932,2.4,44317.9
4933,4.4,55806
4934,11.2,128043.2
4935,2.8,53381.3
4936,11.6,140374.1
4937,3.3,49137.5
4938,9.2,117127
4939,7,87502.1
4940,10.7,128266.2
4941,7.1,89034.2
4942,6.9,90884.1
4943,3.2,59603.3
4944,2.8,44716.1
4945,11.1,125764.7
4946,4.6,69411.1
4947,5.1,86405.7
4948,9.4,108454.5
4949,4.7,80927.2
4950,11.5,144473.4
4951,9.1,110461.3
4952,7.6,94733.4
4953,10.7,121996.8
4954,1.5,39073.3
4955,3.8,53153.3
4956,6.1,82212.2
4957,3.5,66263.1
4958,9.2,108209.6
4959,11.1,128503.3
4960,5.7,68836
4961,4.8,71954.5
4962,11.6,135729.9
4963,5.9,80896.6
4964,6.4,83922
4965,4.9,69214.9
4966,11,131652
4967,7.3,93279.7
4968,9.4,115287.2
4969,9.9,119887.3
4970,4.8,76115.5
4971,5.8,83166.3
4972,10.3,123574.9
4973,5,80549.5
4974,9.7,119177.5
4975,11.4,139411.3
4976,7.9,102474.7
4977,9.2,101089.9
4978,9.9,125284.4
4979,10.3,122895.6
4980,5.3,75073.2
4981,1.6,41200.3
4982,5.4,74143.9
4983,8.4,105604.4
4984,6,77802.1
4985,9.2,119278.3
4986,4.9,70771.1
4987,8,98140.1
4988,3.1,48504.2
4989,9.2,113697.8
4990,7,92069.3
4991,3.2,57682.6
4992,4.2,58897.8
4993,9.2,103161.8
4994,6.3,87962.7
4995,3.4,65056.7
4996,11.6,129106.2
4997,8.9,117523.3
4998,11.5,135379.5
4999,5.7,78656
5000,6.2,81461.5
5001,10.9,119897.9
5002,6.8,94400.2
5003,8.8,103482.3
5004,3.8,56150.7
5005,5.9,86282.1
5006,2.4,36601
5007,3.3,47189.7
5008,1,34294.8
5009,1.4,40019.8
5010,11.8,138597
5011,3.7,57803.1
5012,8.3,117398.9
5013,10.2,120247.8
5014,7.1,90248.5
5015,2.7,45760.7
5016,9,110678.4
5017,7.6,100132.9
5018,9,117041.8
5019,9.5,105984.8
5020,11.7,134316
5021,7.3,96417.8
5022,4.8,73094.5
5023,8.1,101742.4
5024,1.8,44445.8
5025,10.9,123058.5
5026,2.3,55419.6
5027,4.6,73928.1
5028,10,111573.6
5029,7.6,90376.5
5030,5.3,69362
5031,6.2,87302.8
5032,10.4,115943.7
5033,4.7,67790.4
5034,10.6,127240.6
5035,2,43089.7
5036,9.5,116493.7
5037,10.3,116440.4
5038,3,56524.5
5039,5.7,75603.4
5040,2.8,49686.5
5041,8.8,109078.8
5042,6.9,90523.7
5043,8,100473.8
5044,3.2,50525.4
5045,3.3,54634
5046,1.5,38624
5047,4.5,60087.4
5048,7.2,89896.9
5049,10.4,125648
5050,8.3,96481.5
5051,5.8,86025.1
5052,11.5,140474.3
5053,8.9,102100.5
5054,11.2,138580.3
5055,6.8,88337.8
5056,3.8,63551.5
5057,1.6,37012.2
5058,9,114936.1
5059,2.3,49178.4
5060,4.3,61218.7
5061,6.9,83132.4
5062,7.2,84802.9
5063,7.6,97779.5
5064,2.8,54781.6
5065,5.2,77411.9
5066,7.8,97795.5
5067,11.7,128640.4
5068,9,106120.9
5069,11.1,136646.4
5070,9.4,110819.7
5071,7.5,96608.9
5072,3.1,48243.8
5073,8.3,105482
5074,7.9,96538.8
5075,7.6,102777.8
5076,6.4,89537
5077,6.8,86479.8
5078,4.7,68355
5079,6.7,85198.6
5080,3.2,46896.5
5081,9.9,113200.8
5082,3,54718
5083,1.9,44949.2
5084,5.8,80476.4
5085,8.2,101041.6
5086,5.8,85016.4
5087,4,63422
5088,7.1,96252.4
5089,4.8,60449.9
5090,11.3,109335.1
5091,11.1,131793.7
5092,6.5,78552.1
5093,4.6,67193.5
5094,9.1,109233.4
5095,1.4,46991.3
5096,6.2,85887
5097,4.7,70186.3
5098,11.1,134667.9
5099,1.1,37606.5
5100,7.1,89203.7
5101,9.1,117281.5
5102,6.3,78509.8
5103,1.9,44983.4
5104,11.7,126731
5105,6.7,89285.6
5106,7.8,99221.8
5107,3.6,68268.4
5108,6.3,75806.2
5109,5.7,75547.9
5110,1.8,46684
5111,2.2,47208.6
5112,10.2,122361.3
5113,3.6,53880.6
5114,3.1,51260.1
5115,6.6,93745.8
5116,9.5,113921
5117,1.7,42836.5
5118,7.3,93613
5119,2.3,40074.2
5120,1.4,43310.2
5121,1.6,42595
5122,10.2,133902.4
5123,2.3,40882.2
5124,1.5,43591.5
5125,5.8,72483.5
5126,10.3,122910.8
5127,3.9,67036.1
5128,5.6,66547.5
5129,1.4,37302.1
5130,5.9,77830.2
5131,7.4,90415.4
5132,7.3,95797.8
5133,4.7,75120.7
5134,4.5,66352.4
5135,2.2,46530.7
5136,5,73065.9
5137,2.1,44650.7
5138,9.4,107893.8
5139,11.6,140940.4
5140,11.7,136787.7
5141,10.5,126430.1
5142,7.6,92240.2
5143,8.7,104584.9
5144,4.1,62960.2
5145,7.9,91287.6
5146,6,72223.2
5147,6.3,81044.2
5148,9.3,115990.7
5149,4.1,59951.1
5150,4.5,61661
5151,11.2,125858.5
5152,1.6,37596.4
5153,6.3,82800.8
5154,11,141293.1
5155,7.7,103642.6
5156,7,96827.5
5157,3.7,66793.7
5158,4.8,64396
5159,10.4,116032.7
5160,7.2,86239
5161,6.7,95268
5162,2.1,41589.5
5163,1.2,28966.6
5164,11.6,132062.7
5165,5.1,72151.4
5166,7.6,98502.9
5167,1.9,43987.8
5168,8.5,100676.4
5169,11.3,135072.3
5170,7.3,90563.9
5171,2.4,46533.9
5172,7.4,98608.3
5173,9.4,110370.5
5174,5.5,73361.1
5175,10.7,129065.5
5176,8.1,96932
5177,10.9,125622.9
5178,7.9,102219
5179,2.4,59432.1
5180,4.4,69875.9
5181,3.2,57917.7
5182,11,131738.5
5183,9.4,107340.1
5184,8.4,105255.9
5185,4.3,65417
5186,3,55227.8
5187,9.3,113582.4
5188,6.2,85710
5189,3.5,56027.1
5190,7.8,98723.5
5191,1.4,31624.8
5192,4.6,66414.5
5193,6.2,90782.1
5194,2.6,51461.2
5195,11.8,136535.6
5196,3.3,66636.9
5197,2.4,40238.5
5198,3.2,49251.4
5199,9.5,123819.3
5200,5.7,78786.3
5201,7.2,91716.4
5202,1.2,29776.1
5203,1.4,40380.8
5204,5.9,83686.2
5205,10,113068.7
5206,10.7,125533.9
5207,2,41435.1
5208,6.9,91692.2
5209,11,122969.1
5210,5.3,81628.7
5211,10.1,125652.5
5212,2.5,46164.9
5213,11.3,130321.8
5214,9.3,111645.4
5215,11.4,127797.1
5216,8.4,102152.5
5217,5,70562.5
5218,11.3,140840.9
5219,4,68236.7
5220,4.7,74054
5221,8.7,109215.5
5222,9.4,107604.3
5223,11.2,130677.2
5224,3.3,61014.3
5225,9.8,110213.4
5226,9.1,114629.3
5227,1.7,53917.7
5228,5.3,80487.6
5229,4.1,71598.8
5230,4.3,67170.8
5231,11.8,141887.8
5232,8.1,97100.3
5233,8.9,113350.8
5234,11.7,139476.5
5235,5.1,75129.3
5236,9.8,125008.3
5237,5.8,76454.6
5238,10.6,123639.8
5239,3,53611.3
5240,11.4,127052.1
5241,3.4,58308.4
5242,4.6,58596.3
5243,9.3,118758.6
5244,5.3,75489.6
5245,7.7,94608.6
5246,5.9,75845.5
5247,9.2,110155.4
5248,3.5,61881.9
5249,1.6,43437.8
5250,4.3,61530.3
5251,6.2,78871.2
5252,2.8,55437.2
5253,4.9,67139.8
5254,5.4,76211.2
5255,1.6,40956.1
5256,7.4,96677.8
5257,10.7,131024.8
5258,2.7,43009.2
5259,7.6,85752.8
5260,8.3,100224.3
5261,5.6,87962
5262,8.7,118485
5263,5.5,87233.5
5264,6.6,85675.8
5265,1.1,25096.8
5266,8.6,93099.8
5267,8.3,99610.7
5268,1.4,37182.3
5269,5.1,79850.7
5270,11.8,140920.9
5271,5.6,79305.2
5272,6.5,81499.1
5273,11,123512.3
5274,8.9,110278.3
5275,7.4,98702
5276,9.8,119421
5277,10.5,118363.1
5278,6,85430
5279,6.2,86067.2
5280,5.2,68440.8
5281,11.6,130400.9
5282,8.7,110618.4
5283,1.9,41637.8
5284,10.5,132889
5285,6.3,87054.5
5286,1.8,38723.8
5287,7,91384
5288,5.6,78016.6
5289,10.7,121466.6
5290,3.2,50400.1
5291,10.1,124131
5292,7.1,96996.5
5293,1.6,43351.2
5294,11.7,143794.8
5295,6.6,84554.7
5296,4.2,73897.3
5297,6.2,78054.8
5298,10.4,117809.1
5299,4.4,56150.9
5300,3.1,51833.9
5301,2.4,44898.2
5302,4.3,68201.6
5303,9.6,116747.7
5304,6.2,76652.4
5305,3.5,55748.6
5306,2.8,49495.8
5307,4.7,58953.9
5308,11.3,126517.4
5309,4.8,65645.2
5310,11.9,145030.1
5311,6.3,85808.3
5312,3,56625
5313,10.8,118551.4
5314,6.1,88830
5315,8.8,115344
5316,11.8,125379.7
5317,1.6,35569.7
5318,2.1,47121.9
5319,8.9,112792.8
5320,4.1,59799.6
5321,3,51747.8
5322,1.4,35049.2
5323,1.2,37186.6
5324,9.5,121500.3
5325,2.5,43960.8
5326,6.1,88514.1
5327,7.7,92909.7
5328,5.7,74085.2
5329,1.3,41693.5
5330,9.6,120898.3
5331,1.1,40152.1
5332,9.4,106138.3
5333,10.8,124551.2
5334,5.8,83893.9
5335,6.9,90199.9
5336,6.2,77876.2
5337,5.3,77319.2
5338,10.8,122548.3
5339,10.8,137257.2
5340,4.7,77844.9
5341,7.8,101612.5
5342,11.2,138260.6
5343,11.6,134666
5344,6.6,91484.6
5345,6,89632.6
5346,4.1,64641.1
5347,11.5,132545.5
5348,2.6,39611.3
5349,7.4,94106.3
5350,4.1,68273.8
5351,4.1,68589
5352,5.5,79214.9
5353,12,135095.3
5354,1.6,28957.4
5355,7.4,91668.1
5356,1.9,41179.6
5357,2.7,48610.6
5358,5.8,83449.5
5359,6.6,98464.2
5360,3.8,61890.3
5361,4.5,65981.8
5362,2,41888.8
5363,4.3,66513.3
5364,11.6,130139.6
5365,11.4,133172.2
5366,4.7,71629.6
5367,7.3,94810.7
5368,11,131408.8
5369,1.1,37366.5
5370,9.9,108659.8
5371,11.4,136442.2
5372,2,40039.1
5373,2.8,44952.6
5374,11.6,127991.2
5375,6.9,92599.6
5376,1.2,34529.2
5377,3.8,51673.3
5378,5.9,83742.8
5379,8.6,98275.4
5380,9.1,111291.7
5381,11.9,139105.5
5382,4.2,69137
5383,6.9,100209.2
5384,6.9,82105.6
5385,5.5,76171.4
5386,2.9,50337.2
5387,11.8,138329.9
5388,10.4,124206.1
5389,6.5,84128.2
5390,7.6,94539.7
5391,3.5,51678.6
5392,7,96348.7
5393,8.6,109107.9
5394,6.7,92981.7
5395,11.9,135502.1
5396,7.7,94173.8
5397,5.1,66830.7
5398,9.5,116570.1
5399,2.9,46203.1
5400,5.2,84606.2
5401,4.8,63052
5402,5.7,80714.6
5403,9.6,124325.7
5404,6.3,87977.9
5405,9.7,117818
5406,7.3,88808.1
5407,4.8,62129.2
5408,9.9,122801.2
5409,3.6,67490.7
5410,3.5,55168.6
5411,6.5,80371.3
5412,3.9,47667.1
5413,1.1,29758.3
5414,8.1,101052.8
5415,6.6,96368.5
5416,5.9,84373.7
5417,11.6,136520.2
5418,7.3,91436.6
5419,10.5,120790.4
5420,2.5,56654.4
5421,7.3,94589.5
5422,10.5,112766.4
5423,7.4,91145.3
5424,8.9,104136.2
5425,5.1,69917.2
5426,2,47056.1
5427,6,81295.9
5428,5.3,74874.3
5429,10.5,131773.7
5430,3.7,55766.7
5431,11.6,145214.4
5432,11.5,130142.2
5433,3.7,60538.2
5434,4.8,68905.5
5435,10.9,128080.9
5436,11.6,137264.3
5437,5.9,82819.5
5438,4.5,63454.2
5439,6.8,82706
5440,8.6,119789.3
5441,4,60019.3
5442,9.1,114764.2
5443,1.6,30677.9
5444,1.5,37858.7
5445,5.2,73741.3
5446,4.9,73685.5
5447,4.5,51884
5448,6.4,86268.5
5449,4.5,61208.9
5450,3.1,56097
5451,4.4,60672.2
5452,11.7,130855.1
5453,5.5,75503.1
5454,5.9,74641.2
5455,7.3,91570.6
5456,11.8,129842.6
5457,3.7,49161.3
5458,8.5,110809.6
5459,8.9,101476.9
5460,7.7,96430.1
5461,2,47716
5462,8.4,101219.9
5463,1.7,36346.4
5464,7.6,97532.1
5465,9.1,117428.8
5466,3.3,49689.5
5467,10.3,120944.8
5468,1.3,27765.2
5469,10.3,119813.3
5470,6.1,82340.4
5471,3.4,52137.2
5472,2.5,45648.8
5473,11.5,125519.2
5474,1.8,42282.7
5475,3.2,60897.3
5476,4.8,64318.9
5477,7.8,95289.3
5478,7,93740.3
5479,2.4,54136.8
5480,4.2,56065.3
5481,3.6,58172.5
5482,3.3,58079.1
5483,5.5,76465.7
5484,8.7,93631.6
5485,3.4,59704.4
5486,5,80910.5
5487,5.3,75586.2
5488,11.7,130034.4
5489,11.5,130665.9
5490,9.8,127369.5
5491,3.7,64507
5492,1.7,44949.7
5493,4.5,69233.3
5494,3.9,58334.2
5495,6.6,85767.3
5496,9.6,114706.9
5497,10.4,126593.7
5498,10.3,130559.3
5499,5,77940.1
5500,8.6,97798.6
5501,4.4,68069.7
5502,1.7,44749.3
5503,8.7,110686.3
5504,1.1,31801
5505,5.5,93128.3
5506,4.6,61395.5
5507,8.6,100317.2
5508,9.4,115255.3
5509,4.3,77745.9
5510,9.9,113990.4
5511,4.2,63364.2
5512,5.9,86717.9
5513,9,109771.5
5514,8.6,104455.8
5515,11.9,140097.7
5516,3.5,59227.5
5517,8.3,108908.1
5518,7.7,104896.3
5519,11.1,131139
5520,2.7,52183.3
5521,9.3,113644.6
5522,7.3,96104.7
5523,4,63158.1
5524,6.2,83612.1
5525,4.7,75685.7
5526,7.4,102995.7
5527,10.8,118279.1
5528,7.3,93533.2
5529,7.9,96114.2
5530,6.7,86482.8
5531,1.6,41867.7
5532,3.6,62247.2
5533,6.4,84814.5
5534,4.4,55847.5
5535,3,47795.8
5536,6.5,91715.8
5537,4.6,52529.5
5538,3.8,67768.5
5539,6.1,85444
5540,2.5,55513.1
5541,11.2,129626.5
5542,10.5,112967.9
5543,8.8,110261.6
5544,2.2,52467
5545,9.5,120121.3
5546,9.9,114579.2
5547,9.4,114592.1
5548,2.3,43165.2
5549,8.1,96650.7
5550,10.2,126368.4
5551,7.4,87617.1
5552,8.1,96493.7
5553,6,75771.1
5554,6.8,80923.5
5555,1.4,38690.4
5556,8,107213.3
5557,1.9,41730.7
5558,5.8,71097.5
5559,4.2,69416.5
5560,7,100421.7
5561,2.5,44552.9
5562,8.6,103518.1
5563,9.7,119822.9
5564,2.8,60348.4
5565,2.1,42234.5
5566,2.6,41973.3
5567,10.6,129006.1
5568,6.8,93671.6
5569,6.1,82904
5570,2.2,42269.7
5571,8.1,107379.8
5572,10.5,127479.1
5573,10.1,116090.6
5574,7.9,99650.8
5575,1.8,34564.5
5576,2.2,49817.3
5577,1.5,37957.4
5578,3.8,58626.5
5579,2.5,48216.3
5580,3.9,61555.4
5581,5.2,79329.3
5582,11.4,135626.2
5583,7.7,96871.8
5584,10.2,125363.8
5585,8.8,110379.8
5586,2.2,43607.2
5587,9.1,110099.3
5588,4,62065.7
5589,8,103558.6
5590,4.8,67688.6
5591,12,135822.6
5592,3.9,72703.6
5593,4.1,68568.7
5594,11.2,126787.8
5595,1.3,40052.7
5596,8.7,107380.5
5597,9,111885.1
5598,10.2,122007.4
5599,11.7,142243.2
5600,11.7,137644.3
5601,1.7,40736.4
5602,10,125556
5603,8.1,102786.3
5604,8.1,102268.4
5605,2.4,49396.1
5606,8.2,101361.4
5607,11.8,136478.4
5608,11,125800.5
5609,5.8,75745
5610,1.4,32866.7
5611,5,64174.4
5612,10.1,115281.7
5613,8.7,106244.2
5614,6.1,82623.4
5615,1.6,38508.8
5616,5.7,65500.5
5617,6.2,91858.2
5618,11.2,136896.7
5619,8.1,103431.5
5620,4.4,77361.1
5621,6.8,83439.3
5622,1.7,51720.3
5623,11.7,129998.7
5624,5,73061.3
5625,6.3,76848.9
5626,4.9,71311.9
5627,8.5,107404.4
5628,8.3,102271.9
5629,8.9,112647.6
5630,3.9,62725.2
5631,4.5,64190.4
5632,2.4,44148.3
5633,8.2,106972.8
5634,1.4,34779.3
5635,7.6,101545.9
5636,10.6,131540.1
5637,10.8,117568.3
5638,5.9,87310.8
5639,6.1,93564.5
5640,1.8,43708.3
5641,8.4,107374
5642,10,125466.7
5643,3.7,58189.4
5644,5.6,79111.5
5645,10.2,114146.1
5646,10.6,126249.7
5647,3.7,62362.1
5648,7.1,94416.1
5649,3.1,60265.6
5650,2.1,40555.7
5651,11,126030.4
5652,10,130189.3
5653,9.4,112462.8
5654,1.5,40486
5655,10.3,121628.7
5656,5.8,75237.8
5657,4.8,78968.8
5658,7,88153.2
5659,2,37490.5
5660,9.3,110430.7
5661,7.4,83648.4
5662,3.1,50052.1
5663,3.1,48451
5664,3,56903.4
5665,1.6,36457.8
5666,7.5,100364.2
5667,10.2,129472.4
5668,1.2,40485.5
5669,1.5,38187.7
5670,7.3,94626.5
5671,10,110956.6
5672,4.6,67514.4
5673,4.8,65828.8
5674,7.6,100170.8
5675,4,77189.4
5676,1.3,39859.1
5677,9.1,99590.3
5678,7.9,97314.2
5679,7.4,95352.5
5680,9.2,111884.4
5681,8.4,100401.4
5682,3.3,57071.2
5683,4.9,63990.3
5684,2.4,42123.3
5685,2.4,51408.1
5686,8.4,98908.8
5687,10.4,126559
5688,11.6,126715.7
5689,7.9,109483.5
5690,3,49105.7
5691,2.2,44029.7
5692,9.9,120642.5
5693,7.4,91298.2
5694,7.8,99370.5
5695,9.6,118748.2
5696,8.7,112775.3
5697,10.2,125465.8
5698,1.6,39180.8
5699,9.2,111182.6
5700,10.4,135880.2
5701,4.1,69353.6
5702,8,95717.5
5703,4.5,67514.3
5704,11.5,132004.7
5705,1.4,37015.7
5706,7.4,87692
5707,2.8,49302.6
5708,8.8,118463.4
5709,2.9,55820.1
5710,3.6,44835.5
5711,6.4,92491.8
5712,11.1,135488.1
5713,3.3,54296.6
5714,2.6,53302.8
5715,9.3,108387.7
5716,6.5,83707.7
5717,11,137457.8
5718,2.6,48019.2
5719,8.1,90986.5
5720,3.6,58151.9
5721,2.7,50153.9
5722,8.5,112041.7
5723,7.5,96091.6
5724,9.3,110404.6
5725,4.4,72310.7
5726,5.9,81540.1
5727,5.5,72252.6
5728,11.8,143052.6
5729,4.2,65760.3
5730,4.2,64960.6
5731,4.9,72148.2
5732,7.2,87000.2
5733,3.8,57576.3
5734,11.1,129462.2
5735,3.9,60827.5
5736,10.9,134533.3
5737,2.1,46270.1
5738,8.2,107328.2
5739,11,128631.4
5740,2.9,57746.4
5741,11.7,137178.3
5742,6,81450.2
5743,11.4,132530.5
5744,8.4,99316
5745,4.3,68482.7
5746,3.1,53647.3
5747,4.3,63064.1
5748,2,50154.7
5749,2.6,42261.9
5750,2.2,42815
5751,5.7,84010
5752,9.8,118762.6
5753,2.6,48727.3
5754,2.4,49248.5
5755,8.1,102185.6
5756,3.2,46314
5757,2.1,42491.6
5758,2.8,60681.7
5759,11.2,126632.7
5760,10,117909.8
5761,4.9,68074.3
5762,8.2,101983.8
5763,6.9,86886.9
5764,8.4,107406.8
5765,8.5,106364.9
5766,7.9,103980.5
5767,3.9,56082.4
5768,1.4,36449.7
5769,6,80391.9
5770,10.8,129462.5
5771,7.3,89061.4
5772,10.2,125945.2
5773,11.9,144011.6
5774,2.8,45776.2
5775,8.6,103463.2
5776,8.4,101416.1
5777,11.8,150884.5
5778,11.8,134346.9
5779,8.6,115059.4
5780,3.7,52538.8
5781,9.8,111773.5
5782,2.2,41584.3
5783,9.6,110722.4
5784,11,127414.5
5785,5.2,70130
5786,7.9,95270.6
5787,5.7,85489.5
5788,5.8,86647.1
5789,4.4,71869.6
5790,9.4,116451.4
5791,11.3,132131.9
5792,11.3,129309.4
5793,2.9,47136.5
5794,10.6,127257.3
5795,9.1,104390.8
5796,3.8,55022.5
5797,1.7,47739.5
5798,3.9,72784.9
5799,11,131321.1
5800,8,106304.2
5801,8.9,107876.7
5802,3.8,53548.7
5803,8.9,112501.5
5804,1.3,40404.9
5805,5.1,73713.4
5806,7.9,98093.5
5807,2.6,54865.6
5808,10.1,114336.8
5809,3.6,54402.5
5810,8.2,96465.1
5811,5.5,76893.4
5812,7.6,90173.1
5813,2.2,41641.3
5814,1.2,32109.6
5815,11,127389.6
5816,4,54008.6
5817,10,119990.9
5818,12,145155.2
5819,3.3,57034
5820,3.9,70481.7
5821,8.3,110661.9
5822,11.6,139005.2
5823,11.1,129914.3
5824,6.5,86697.7
5825,9.7,121220.7
5826,2.5,46218.6
5827,11.8,125375.3
5828,11.6,137293.6
5829,2.8,44992.7
5830,4.3,60042.7
5831,2.1,44710.5
5832,4,62011.1
5833,10,111220
5834,5.2,74549.3
5835,2,48889.7
5836,4.8,63562.6
5837,11.8,143428.3
5838,7.9,91029
5839,5.6,89398.1
5840,2.8,49310
5841,11.8,137625.1
5842,10,109044.7
5843,4.1,63210.1
5844,1.8,42859.5
5845,1.6,39702.5
5846,2.3,43662.6
5847,7.4,89375.6
5848,11.2,137164.7
5849,6.5,86106.7
5850,10.3,130537.9
5851,5.9,77703.8
5852,8.8,105523.7
5853,9.1,114936.8
5854,2.9,43305.9
5855,5,65060.7
5856,8,106682.6
5857,1.8,35093.5
5858,5,61707.9
5859,6.9,100339.2
5860,12,130061
5861,6.2,84655.3
5862,10,119513.2
5863,5.8,63494.2
5864,9.8,115587.8
5865,7.5,98698.8
5866,10.8,128440.7
5867,5.5,82068
5868,7.6,94948.5
5869,7.9,103772.7
5870,5.6,73830.2
5871,2.6,41411.9
5872,2,36766.7
5873,1.2,27855
5874,10.6,130747.3
5875,3.6,50410.1
5876,3.3,57816.6
5877,9.1,109321.7
5878,4.5,66989.7
5879,6.6,94526.6
5880,2.8,48739.4
5881,11.6,137483.4
5882,10.4,123029.7
5883,10.5,123238.6
5884,5.5,89443.6
5885,9.4,105485.2
5886,2.6,56462.9
5887,1.1,38864.8
5888,1.2,33692.8
5889,7.5,104386.4
5890,6,71301.6
5891,6.7,85227.9
5892,1.1,28316.1
5893,5.6,80540.6
5894,8.9,102716.7
5895,5.9,82737.7
5896,9.1,109369.5
5897,3.6,55839.8
5898,9.9,120997.2
5899,7.5,93963.2
5900,3.3,50119.2
5901,3.6,74570.5
5902,7.9,96857.4
5903,10.1,108169.1
5904,5.6,72793.4
5905,3.8,54061.7
5906,10.5,129043.5
5907,8.4,105667
5908,5.9,83106.1
5909,6.4,82946
5910,3.2,53968.4
5911,7.9,97379.8
5912,4.9,71135.3
5913,12,142466.3
5914,6.3,86092.4
5915,6.3,87602.4
5916,7.2,95911.8
5917,11.1,134540.4
5918,9.8,119154.2
5919,6,83199.6
5920,8.9,115654.5
5921,7.4,91518.1
5922,6.4,80694.2
5923,3.1,47657.6
5924,6.1,83547
5925,3.7,49484.7
5926,11.1,131980
5927,4.7,68552.9
5928,11.5,139630.5
5929,6.9,85951.6
5930,7.9,98810
5931,7,97012
5932,2.4,55481.8
5933,5.1,69561.2
5934,2.1,45620.9
5935,7.9,100700.4
5936,5.9,82840
5937,9.6,113701
5938,3.4,64381.5
5939,2.8,40837.4
5940,5.5,74181.2
5941,11.2,133121.1
5942,8.8,110703
5943,5.6,85409.8
5944,6.7,94768.9
5945,1.9,41455.3
5946,11.8,143913.3
5947,8.3,99578
5948,4.1,69171.3
5949,7.4,105317.2
5950,2.2,52472.8
5951,11.6,135287.9
5952,2.9,50611.7
5953,8.1,93112.7
5954,3.7,61549.6
5955,8.9,102652
5956,9.5,110613.2
5957,8.4,97641.1
5958,7.8,95600.6
5959,10.8,126913.5
5960,1.9,44001.4
5961,4.6,65338.5
5962,3.7,66087
5963,11.9,135837.5
5964,5.3,70370.1
5965,9.1,111718.4
5966,8.5,116455.3
5967,3.3,58218.1
5968,3.6,57112.8
5969,4.1,54995.9
5970,5.5,75807.7
5971,3.6,59969.9
5972,1.2,34173.6
5973,10.7,116397.8
5974,11.6,129916.5
5975,4.8,77938.1
5976,4.7,77504.8
5977,1.1,30077.2
5978,8.5,108772
5979,10.1,113511.6
5980,2.6,57391
5981,2.8,52266.8
5982,9.7,121737.4
5983,7.8,88770.4
5984,1.5,42750.8
5985,7.8,98968.7
5986,4.4,71174
5987,5.1,77743
5988,9.5,114679.3
5989,9.9,115234.7
5990,5.4,80275.1
5991,11.4,132417.9
5992,5.5,71669.1
5993,9.5,109384.6
5994,6.3,76336.6
5995,10.9,124742.7
5996,11,134825.8
5997,2,44379.5
5998,11.3,128683.7
5999,10.1,124612.9
